"Genus"	"Phylum"	"Family"	"we.ep"	"we.eBH"	"wi.ep"	"wi.eBH"	"rab.all"	"rab.win.L_minor370_DWC112"	"rab.win.S_polyrhiza432_9509"	"diff.btw"	"diff.win"	"effect"	"overlap"
"Achromobacter"	"Proteobacteria"	"Alcaligenaceae"	0.0546079079169355	0.236821508090819	0.0459103396603397	0.210809155733464	-3.26515305117937	0.247298708689865	-4.63228280493912	-5.31951282416974	5.2050045367295	-0.931002249286983	0.158854527379495
"Acidovorax"	"Proteobacteria"	"Comamonadaceae"	0.0374167945267086	0.242957484893398	0.057967032967033	0.269119944356608	6.40275344350316	7.3634138947917	5.53465230322541	-2.56886160940258	4.42760155548461	-0.628435869562801	0.177083646408939
"Acinetobacter"	"Proteobacteria"	"Moraxellaceae"	0.205580770001602	0.532916226221633	0.183816183816184	0.495906652200552	5.1866258923398	4.50332742357022	7.83633913113608	2.9880641458607	3.33715189334482	0.618383743737392	0.290909233375191
"Acinetobacter"	"Proteobacteria"	"Moraxellaceae"	0.205580770001602	0.532916226221633	0.183816183816184	0.495906652200552	5.1866258923398	4.50332742357022	7.83633913113608	2.9880641458607	3.33715189334482	0.618383743737392	0.290909233375191
"Actinomyces"	"Actinobacteria"	"Actinomycetaceae"	0.528044071271566	0.751058385763339	0.581680819180819	0.776765539014942	-3.7265636401556	-3.15676853411854	-3.99507628515269	-0.886151617001363	5.09980126275829	-0.161510334725696	0.416666715107143
"Aerococcus"	"Firmicutes"	"Aerococcaceae"	0.558155536122015	0.77651638911552	0.594602272727273	0.790505126872234	-4.06734909180746	-4.25628251914175	-3.9693695485711	0.407840069977701	4.68775430671661	0.0840815507491948	0.460937522211308
"Agrobacterium"	"Proteobacteria"	"Rhizobiaceae"	0.00463738683610383	0.0874759200272789	0.00356206293706294	0.0503958303347379	7.05380436288087	8.16367094617812	6.67191711283121	-1.74999794304479	1.33121256277767	-1.2930757026111	0.0493519992944814
"Agrobacterium"	"Proteobacteria"	"Rhizobiaceae"	0.00463738683610383	0.0874759200272789	0.00356206293706294	0.0503958303347379	7.05380436288087	8.16367094617812	6.67191711283121	-1.74999794304479	1.33121256277767	-1.2930757026111	0.0493519992944814
"Anaeromyxobacter"	"Proteobacteria"	"Myxococcaceae"	0.48427587719249	0.709916365339102	0.532100711788212	0.747205432287232	-3.65746948822705	-4.11856075059166	-3.36457617449488	1.24135881670679	5.25253413902186	0.188834783105387	0.411458384991597
"Ancylobacter"	"Proteobacteria"	"Xanthobacteraceae"	0.250688938025684	0.48688733277548	0.218006993006993	0.465077932359544	-3.49229811010256	-1.13853314692213	-4.29407539074921	-3.20054028659208	4.84345958064241	-0.54929574461141	0.27083349728541
"Ancylobacter"	"Proteobacteria"	"Xanthobacteraceae"	0.250688938025684	0.48688733277548	0.218006993006993	0.465077932359544	-3.49229811010256	-1.13853314692213	-4.29407539074921	-3.20054028659208	4.84345958064241	-0.54929574461141	0.27083349728541
"Arcobacter"	"Proteobacteria"	"Campylobacteraceae"	0.500831722272527	0.734179287453215	0.534432754745255	0.748979208015815	-4.02839527278919	-3.98070734709197	-4.08534734731393	0.226435486394003	4.68750293553891	0.0422864730069782	0.484375008838929
"Asticcacaulis"	"Proteobacteria"	"Caulobacteraceae"	0.196422121493556	0.472339632115985	0.195270354645355	0.463547773503917	-1.516722572126	-3.19553407932638	1.42450120756075	3.72277372345774	5.66971340760955	0.583690402094705	0.246753438257678
"Azospirillum"	"Proteobacteria"	"Rhodospirillaceae"	0.777179980940654	0.920178070708152	0.418219280719281	0.720417568102778	4.89221966297348	4.32222181484775	5.14155351789009	0.627350320280824	1.78184820752353	0.212352124567926	0.372395910471498
"Bacillus"	"Firmicutes"	"Bacillaceae"	0.367459637641673	0.690214512972698	0.364201423576424	0.683901596393845	3.65553259037707	4.81562739609032	3.27796211645155	-1.50956040960477	3.61353317976189	-0.385621907680369	0.358441644961698
"Bacillus"	"Firmicutes"	"Bacillaceae"	0.367459637641673	0.690214512972698	0.364201423576424	0.683901596393845	3.65553259037707	4.81562739609032	3.27796211645155	-1.50956040960477	3.61353317976189	-0.385621907680369	0.358441644961698
"Bdellovibrio"	"Proteobacteria"	"Bdellovibrionaceae"	0.583076873439053	0.813941209112992	0.59059222027972	0.821727318130262	0.957336563961437	0.0408616440607634	2.50917042956222	1.49914551250043	6.26564334026174	0.202647902222338	0.392207855763149
"Bdellovibrio"	"Proteobacteria"	"Bdellovibrionaceae"	0.583076873439053	0.813941209112992	0.59059222027972	0.821727318130262	0.957336563961437	0.0408616440607634	2.50917042956222	1.49914551250043	6.26564334026174	0.202647902222338	0.392207855763149
"Bosea"	"Proteobacteria"	"Bradyrhizobiaceae"	0.0399028682244332	0.240728629891476	0.0685002497502498	0.274692135186349	7.26074316938927	7.62032719879302	6.84843009645099	-1.10813367619323	1.29001549885027	-0.864026241005734	0.184896128730637
"Bradyrhizobium"	"Proteobacteria"	"Bradyrhizobiaceae"	0.454453073394693	0.696032574457888	0.4816496003996	0.71253706315787	-3.92339521970166	-3.41085808678315	-4.19907223230678	-1.05457234725662	5.36728618489273	-0.161860056482177	0.406250054912278
"Brevundimonas"	"Proteobacteria"	"Caulobacteraceae"	0.0425376090901099	0.254745195681451	0.0923701298701299	0.342300410456274	7.71094253989672	8.65355972359587	6.75340523533392	-2.57777576698547	3.1358928486485	-0.806005012034262	0.208333583183134
"Burkholderia"	"Proteobacteria"	"Burkholderiaceae"	0.00796568788436483	0.104658219757215	0.000889735264735265	0.0186157102502476	2.9949233577125	-3.77703443314477	3.77637699621098	7.45688274837167	3.7830565955907	1.7768683386617	0.00782143311830298
"C39"	"Proteobacteria"	"Rhodocyclaceae"	0.728241917429881	0.89080397017904	0.779832667332667	0.915268730092228	0.73686839484067	0.154788781086343	1.66761584050834	0.31687801306106	6.36355578564246	0.0566915674891836	0.46875001772985
"Caedibacter"	"Proteobacteria"	"Francisellaceae"	0.762072869443251	0.907740028660011	0.653359140859141	0.834444775457127	-3.221361711199	-3.66029757111962	-3.01056138712888	0.310909922908787	9.3128314541891	0.0327480691979003	0.46875001772985
"Candidatus Amoebophilus"	"Bacteroidetes"	"[Amoebophilaceae]"	0.560529754650273	0.773709484528527	0.595599712787213	0.788532201857663	-3.92293338510273	-4.02460994270041	-3.82353896592122	0.492985212313384	4.49541090601186	0.122965977740258	0.438961073796725
"Candidatus Protochlamydia"	"Chlamydiae"	"Parachlamydiaceae"	0.531386449545713	0.761795610487347	0.578479333166833	0.779175911916124	-3.73809292546822	-4.14586628092289	-3.52863872281109	0.458693087580072	4.09086180698041	0.0948096247062139	0.449350678121296
"Capnocytophaga"	"Bacteroidetes"	"Flavobacteriaceae"	0.492237935549822	0.725617876919145	0.562638923576424	0.760871110600545	-4.05713773576119	-4.13364566424088	-3.99939531186511	0.00399470868813356	4.5389716430618	0.0010266082174802	0.5
"Caulobacter"	"Proteobacteria"	"Caulobacteraceae"	0.0073289980273596	0.101612335140175	0.00592844655344655	0.0702809962074648	9.85472503483374	11.3871398073149	9.53611968417635	-1.77833171865435	1.24465313798183	-1.33158628463211	0.0703134286582997
"Cellvibrio"	"Proteobacteria"	"Alteromonadaceae"	0.00171761550775425	0.0654303686894664	0.0003996003996004	0.0125111644308073	11.3552300570412	8.9817955068879	11.7074530197557	2.92174366823356	1.65248961425384	1.79053901592507	0.000182733348482992
"Chryseobacterium"	"Bacteroidetes"	"[Weeksellaceae]"	0.347282492183165	0.621269244950712	0.408382242757243	0.663710675247206	-2.72713304229637	0.808762718774362	-3.58488402438367	-2.8485376902033	6.70421812678773	-0.393197431676338	0.369791745605842
"Comamonas"	"Proteobacteria"	"Comamonadaceae"	0.109008830349487	0.376499015470548	0.0710227272727273	0.293940921564146	2.99059539652171	5.89072079043294	2.07974885488016	-4.20097444535196	7.57437680985129	-0.650120344757567	0.20000026353323
"Corynebacterium"	"Actinobacteria"	"Corynebacteriaceae"	0.340964990174646	0.62788530351785	0.366424200799201	0.65789804322397	-1.29474823188575	1.09423261878665	-2.95774782221341	-3.32974868658624	6.63203261410344	-0.445831001868761	0.322916781096678
"Crenothrix"	"Proteobacteria"	"Crenotrichaceae"	0.523479791211553	0.746688352752922	0.557614260739261	0.756246155400107	-3.65269916484929	-3.93410929634439	-3.38566993068331	0.738407127722016	4.10897531983808	0.158404276608817	0.437500035881837
"Cryocola"	"Actinobacteria"	"Microbacteriaceae"	0.563682533438452	0.774801911111888	0.611255931568431	0.792778068473502	-3.85984260716451	-4.0406691423146	-3.74900579622652	0.484314643764207	4.58286800505165	0.0836770504368314	0.453125026725783
"Cupriavidus"	"Proteobacteria"	"Oxalobacteraceae"	0.416004189255763	0.672514679894817	0.484011301198801	0.69854865972279	-4.06583724959753	-3.41113256955476	-4.51444751253196	-1.2769599716754	5.6519909793912	-0.200829723155184	0.387013053953315
"Curvibacter"	"Proteobacteria"	"Comamonadaceae"	0.0020515198247984	0.0690887268769798	0.000536963036963037	0.0139969033942248	5.81395127464761	7.68715642896256	-0.980907219608103	-8.22107158882978	5.42224357714669	-1.35188846674584	0.00522169971273136
"Cytophaga"	"Bacteroidetes"	"Cytophagaceae"	0.814001286611985	0.933159622859996	0.860917207792208	0.949158135284832	4.34964471849257	4.35658871883652	4.34964471849257	-0.290069471885158	7.78483510740075	-0.0307435992509237	0.476562513274613
"Dechloromonas"	"Proteobacteria"	"Rhodocyclaceae"	0.041555310882484	0.250440779833349	0.0344405594405594	0.214540505477944	3.2328479476112	1.75249847584297	5.10338787301553	4.04458905194576	5.16624540411956	0.874887475590329	0.158854527379495
"Devosia"	"Proteobacteria"	"Hyphomicrobiaceae"	0.00584069303021637	0.0949325211896991	0.000895979020979021	0.0192346678619	10.148414598588	11.492368878534	9.2815966884923	-2.34574069241281	1.55912653296646	-1.4096220272331	0.0156294445919083
"Dokdonella"	"Proteobacteria"	"Xanthomonadaceae"	0.365791450245096	0.628084739270037	0.416531905594406	0.663288361450678	-3.27509753994026	-4.09262888289598	-2.50757153361617	2.12600674429409	5.55637119076427	0.35983486739215	0.343750097859492
"Emticicia"	"Bacteroidetes"	"Cytophagaceae"	0.708192780583628	0.896634687865712	0.676128558941059	0.874280891725235	5.91262009334568	6.21022946831024	5.79983475681507	-0.364073265120044	3.40246808879665	-0.0960534512517173	0.418181865446157
"Enhydrobacter"	"Proteobacteria"	"Moraxellaceae"	0.579457091915499	0.79387883915655	0.563435002497502	0.780578511002916	-3.80633204036867	-3.27640778876151	-4.0131618767273	-0.881465714895751	5.22798447905577	-0.158418350771212	0.446753277032334
"Enterobacter"	"Proteobacteria"	"Enterobacteriaceae"	0.436790816090627	0.684860763429138	0.476960539460539	0.703249541986464	-4.04048879017661	-3.35999196530027	-4.42011562699927	-1.46309630223326	4.62875580680153	-0.268709215257106	0.380208405154813
"Erwinia"	"Proteobacteria"	"Enterobacteriaceae"	0.713591144148594	0.88904218819382	0.817813436563437	0.931517140402533	1.36878175825054	2.67059647698433	1.15486999257109	-0.590123856882949	7.7194343151489	-0.0688523252637938	0.45572919188353
"Erwinia"	"Proteobacteria"	"Enterobacteriaceae"	0.713591144148594	0.88904218819382	0.817813436563437	0.931517140402533	1.36878175825054	2.67059647698433	1.15486999257109	-0.590123856882949	7.7194343151489	-0.0688523252637938	0.45572919188353
"Fimbriimonas"	"Armatimonadetes"	"[Fimbriimonadaceae]"	0.499848360089033	0.749410377206356	0.54795516983017	0.759198302675513	-3.74446144584073	-3.90416630288854	-3.67454956439598	0.661862920650083	5.21740213687974	0.112106691244693	0.437500035881837
"Finegoldia"	"Firmicutes"	"[Tissierellaceae]"	0.543830810926519	0.777384421867265	0.593742195304695	0.801231493131813	-3.72000135152173	-3.4379362746516	-4.01809003557783	-0.400550729787874	5.18356844164761	-0.0742868455495667	0.45572919188353
"Flavobacterium"	"Bacteroidetes"	"Flavobacteriaceae"	0.0910527745958684	0.362073191371271	0.123058191808192	0.394704587228083	8.60982962134571	9.20736290656253	7.96402243140508	-1.38831922367339	2.10866668426096	-0.659940351481958	0.250000188379166
"Flavobacterium"	"Bacteroidetes"	"Flavobacteriaceae"	0.0910527745958684	0.362073191371271	0.123058191808192	0.394704587228083	8.60982962134571	9.20736290656253	7.96402243140508	-1.38831922367339	2.10866668426096	-0.659940351481958	0.250000188379166
"Flectobacillus"	"Bacteroidetes"	"Cytophagaceae"	0.408288807782716	0.712276610904385	0.265113011988012	0.594102885177814	4.72003139526313	3.74344117887158	5.67824452949241	1.67778429561665	4.49912426296989	0.328217715493547	0.299479301707933
"Fluviicola"	"Bacteroidetes"	"Cryomorphaceae"	0.218262087533874	0.550258445575637	0.274113386613387	0.610018667770821	6.61488602404998	3.71133347330694	6.9260059360505	3.46742904461489	7.31495457721303	0.475265331470732	0.293506633470424
"Fusobacterium"	"Fusobacteria"	"Fusobacteriaceae"	0.421098383174243	0.664420709242579	0.458446241258741	0.684924958192621	-3.90982030974609	-3.20356167848123	-4.28450891811183	-1.30461843909891	4.74832056788292	-0.262762407723949	0.394805256685491
"Gemmata"	"Planctomycetes"	"Gemmataceae"	0.614556022574793	0.825622830287873	0.533488386613387	0.779063249006993	1.0287893143002	0.371355801056251	1.55075967059159	1.52581585382005	6.12438128172095	0.240362919359445	0.377604240246411
"Gemmatimonas"	"Gemmatimonadetes"	"Gemmatimonadaceae"	0.290510208089411	0.606380195577285	0.25034965034965	0.570127933488178	2.66327148382663	0.852270494394134	3.48868955437139	2.81239672121412	6.58034769981407	0.37586866649775	0.299479301707933
"Geothrix"	"Acidobacteria"	"Holophagaceae"	0.508626606648536	0.753432047054566	0.553012612387612	0.775630955321724	-3.92300246843073	-3.93317480994131	-3.92294793196873	0.37440076869607	5.00010487216575	0.0637125584094033	0.467532485863235
"Gordonia"	"Actinobacteria"	"Gordoniaceae"	0.562757531985482	0.813732307547504	0.450924075924076	0.751571521103041	5.2314298740876	3.49421432716344	6.00528913136896	1.27631520427837	7.87705298426448	0.151253985720133	0.358441644961698
"Granulicatella"	"Firmicutes"	"Carnobacteriaceae"	0.499005670511452	0.726571969643955	0.541683316683317	0.748836497074854	-4.09111924700012	-3.68511131059361	-4.33956783938285	-1.10827191364555	4.88984245060267	-0.21369793382788	0.405194860482653
"Haemophilus"	"Proteobacteria"	"Pasteurellaceae"	0.403586757935293	0.668384235062023	0.478821178821179	0.706903791749115	-3.72252561923336	-2.63220582002693	-4.10436692428876	-1.71420823006643	6.31642168588661	-0.256000549999581	0.364583415920345
"Halomonas"	"Proteobacteria"	"Halomonadaceae"	0.558260208977304	0.777167476695699	0.581738573926074	0.790916891140443	-3.85777574631484	-3.20762193155027	-4.16348984009228	-1.01512092302063	4.94124225748922	-0.177314765693958	0.42337666749082
"Hydrogenophaga"	"Proteobacteria"	"Comamonadaceae"	0.00784838724773954	0.104081799776575	0.0422952047952048	0.231750363815142	8.01453898678256	8.67415649860459	5.95294303591921	-2.84826530163876	1.99266157792481	-1.09689192772058	0.166667005747378
"Hydrogenophilus"	"Proteobacteria"	"Rhodocyclaceae"	0.52892280146065	0.760384429727172	0.548053508991009	0.773779540964906	-3.90146901720937	-4.17993156984652	-3.78999048644739	0.35999796055088	4.27626627179833	0.076754291999437	0.46875001772985
"Hyphomicrobium"	"Proteobacteria"	"Hyphomicrobiaceae"	0.712833125056283	0.892751660033002	0.894430569430569	0.96040166089017	4.2505068866121	4.0965190163257	4.33100628552685	0.140615275143449	5.64549195964809	0.0236516097201705	0.475324689231185
"Hyphomicrobium"	"Proteobacteria"	"Hyphomicrobiaceae"	0.712833125056283	0.892751660033002	0.894430569430569	0.96040166089017	4.2505068866121	4.0965190163257	4.33100628552685	0.140615275143449	5.64549195964809	0.0236516097201705	0.475324689231185
"Inquilinus"	"Proteobacteria"	"Rhodospirillaceae"	0.543317755464546	0.761076154488771	0.573749687812188	0.777554858971085	-3.78890061932414	-3.9112085227946	-3.73964847225079	0.407915610531968	4.53892305287471	0.069444814648251	0.464935084746253
"Janthinobacterium"	"Proteobacteria"	"Oxalobacteraceae"	0.344843913753951	0.673194303700092	0.78186500999001	0.920043581254757	10.3626134719168	9.99530531264692	10.6127190844197	-1.42270406385233	4.33641313663398	-0.326282045930126	0.442708366141839
"Kaistia"	"Proteobacteria"	"Rhizobiaceae"	0.336607384307099	0.638343692679152	0.322967657342657	0.618292208868022	1.00036061738004	-1.96945021628396	1.89300043541714	2.62336514870995	6.16507360493728	0.411349174223362	0.337662439684174
"Kocuria"	"Actinobacteria"	"Micrococcaceae"	0.473827407262434	0.709107928146433	0.528736888111888	0.737098596162917	-4.05831980105736	-3.60615926935565	-4.40419459656989	-1.21307185766313	5.72759372881077	-0.178225798914794	0.402597459517892
"Kocuria"	"Actinobacteria"	"Micrococcaceae"	0.473827407262434	0.709107928146433	0.528736888111888	0.737098596162917	-4.05831980105736	-3.60615926935565	-4.40419459656989	-1.21307185766313	5.72759372881077	-0.178225798914794	0.402597459517892
"Lactobacillus"	"Firmicutes"	"Lactobacillaceae"	0.555361514361698	0.769806277410764	0.539056256243756	0.754863687741642	-4.03052629879553	-3.75867494501248	-4.14916910878985	-0.627206490782344	5.67588821969165	-0.0979720582423599	0.441558474869782
"Leadbetterella"	"Bacteroidetes"	"Cytophagaceae"	0.219532307059955	0.467153511680361	0.216809752747253	0.451961002777066	-2.65384634527579	-3.942332195134	-1.12888729009478	2.98177414945832	4.63376325068596	0.563138437156756	0.273437661120723
"Legionella"	"Proteobacteria"	"Legionellaceae"	0.548744447731625	0.768179177870919	0.557342657342657	0.762490277805639	-3.82784816280733	-3.79594206228272	-3.84376802592426	-0.0745709250713222	4.79414891857794	-0.0120529693778006	0.494791669610418
"Legionella"	"Proteobacteria"	"Legionellaceae"	0.548744447731625	0.768179177870919	0.557342657342657	0.762490277805639	-3.82784816280733	-3.79594206228272	-3.84376802592426	-0.0745709250713222	4.79414891857794	-0.0120529693778006	0.494791669610418
"Limnohabitans"	"Proteobacteria"	"Comamonadaceae"	0.0144188025368525	0.140149727376557	0.032785964035964	0.200277570433879	10.2863569225615	10.9170239249443	9.75351855354167	-1.52828375205577	1.56918827282228	-0.965978358280833	0.145833735030563
"Luteibacter"	"Proteobacteria"	"Xanthomonadaceae"	0.0565228607552962	0.257642129137519	0.0234296953046953	0.162262876314577	0.697673585684903	3.34605154722725	-2.71538823550901	-5.55058664449418	5.76657540514982	-0.902027935073336	0.122078417686095
"Luteolibacter"	"Verrucomicrobia"	"Verrucomicrobiaceae"	0.486381891365453	0.712636004632366	0.545356206293706	0.749281058442203	-2.70589652535306	-2.20594563773567	-3.06093526831537	-1.66236490109851	5.34640683681736	-0.266181294213484	0.376623450483696
"Lysinibacillus"	"Firmicutes"	"Planococcaceae"	0.482586083776395	0.715651846528191	0.490910651848152	0.722349247570856	-4.148460634219	-3.63197588551003	-4.46495546842785	-0.652754453950334	5.51352043302849	-0.129770684592375	0.43636367272951
"Mesorhizobium"	"Proteobacteria"	"Phyllobacteriaceae"	0.0197074359066022	0.168029464041357	0.0267794705294705	0.187343565772241	10.9865562345143	12.4544061071423	10.5548592301108	-1.90690158716521	1.80239164731797	-1.035172773589	0.140260159554956
"Methylibium"	"Proteobacteria"	"Comamonadaceae"	0.119225571713257	0.415665179044899	0.0768106893106893	0.311192289066495	6.51371564238181	4.68262077217301	7.07180987552112	2.06716364028887	4.09521978703501	0.500859221222553	0.200521097265964
"Methylibium"	"Proteobacteria"	"Comamonadaceae"	0.119225571713257	0.415665179044899	0.0768106893106893	0.311192289066495	6.51371564238181	4.68262077217301	7.07180987552112	2.06716364028887	4.09521978703501	0.500859221222553	0.200521097265964
"Methylobacterium"	"Proteobacteria"	"Methylobacteriaceae"	0.704132002184265	0.876338607700763	0.684910402097902	0.855525460809301	-2.72308218647202	-2.06685291810116	-3.12729976435405	-0.386918936027993	7.96373794610375	-0.0522651563590326	0.473958348090526
"Methylobacterium"	"Proteobacteria"	"Methylobacteriaceae"	0.704132002184265	0.876338607700763	0.684910402097902	0.855525460809301	-2.72308218647202	-2.06685291810116	-3.12729976435405	-0.386918936027993	7.96373794610375	-0.0522651563590326	0.473958348090526
"Methylophaga"	"Proteobacteria"	"Piscirickettsiaceae"	0.573114421327933	0.792012850211394	0.583617944555444	0.795691828058291	-3.91386183967147	-3.87367330356229	-3.95999201295677	0.177389536616173	4.90040866617805	0.0292670489967396	0.484375008838929
"Methylotenera"	"Proteobacteria"	"Methylophilaceae"	0.343985811802781	0.610642565952492	0.445779220779221	0.659998661443731	-3.96517225929073	-2.99364502069147	-4.3755037705924	-2.15556481168139	6.54542647119281	-0.307429092169308	0.36363644646146
"Methyloversatilis"	"Proteobacteria"	"Rhodocyclaceae"	0.125082285708277	0.407418071363772	0.0642201548451549	0.274009423358926	4.28875101505005	-1.94085380937279	5.90736222740711	4.05260857819155	7.48199161254648	0.659306210878747	0.18229196779796
"Modestobacter"	"Actinobacteria"	"Geodermatophilaceae"	0.515831134017888	0.76037590230061	0.55297514985015	0.763550556050122	-3.92378136395727	-3.91065145890793	-3.92768358073334	0.343441448983824	5.10441205818474	0.0583258135834452	0.472727288105946
"Mycobacterium"	"Actinobacteria"	"Mycobacteriaceae"	0.697785950615191	0.865737892110095	0.719510177322677	0.878649549772926	-2.49953864312268	-2.35764496352059	-2.59379085604737	-0.503599061332509	7.43268716295427	-0.0615857924966759	0.466145852553757
"Mycobacterium"	"Actinobacteria"	"Mycobacteriaceae"	0.697785950615191	0.865737892110095	0.719510177322677	0.878649549772926	-2.49953864312268	-2.35764496352059	-2.59379085604737	-0.503599061332509	7.43268716295427	-0.0615857924966759	0.466145852553757
"Mycoplana"	"Proteobacteria"	"Caulobacteraceae"	0.306976093920311	0.636222469633362	0.491965846653347	0.769894777727335	9.37477232358862	9.03208039753622	9.4853138406936	0.442508966724048	1.75377436995152	0.25467193487587	0.384415653066572
"Nevskia"	"Proteobacteria"	"Sinobacteraceae"	0.191436519048912	0.519490733834845	0.165228521478521	0.459776532871322	6.3789974374979	3.9078949665151	6.58520447761453	2.44762204567329	4.05906797627051	0.457767195524183	0.273437661120723
"Nitrospira"	"Nitrospirae"	"Nitrospiraceae"	0.127397889591963	0.333356728043695	0.128093781218781	0.332858977608001	-2.31480878469189	-4.13476009335676	-0.550398119066932	3.81897612718547	4.70915677357005	0.725682267632578	0.20000026353323
"Novosphingobium"	"Proteobacteria"	"Sphingomonadaceae"	0.700245734895885	0.888312957876713	0.82897258991009	0.937369149881707	4.8766930873851	4.12870151314981	5.29569257658588	0.318765606395197	3.73094977711858	0.0635833500162703	0.45572919188353
"Novosphingobium"	"Proteobacteria"	"Sphingomonadaceae"	0.700245734895885	0.888312957876713	0.82897258991009	0.937369149881707	4.8766930873851	4.12870151314981	5.29569257658588	0.318765606395197	3.73094977711858	0.0635833500162703	0.45572919188353
"Opitutus"	"Verrucomicrobia"	"Opitutaceae"	0.167722871907808	0.473829788210002	0.107124125874126	0.369105447121215	3.17023673557158	0.449575767316767	3.93148334788844	3.79206515551759	5.10026581606861	0.611881740927895	0.244791861707482
"Paenibacillus"	"Firmicutes"	"Paenibacillaceae"	0.17423979432813	0.4181978741572	0.138505244755245	0.381288892639033	-2.49805192499737	0.19574001979942	-4.0466881646836	-3.6794922463005	5.17244614922789	-0.652302038672596	0.226562720464445
"Paenibacillus"	"Firmicutes"	"Paenibacillaceae"	0.17423979432813	0.4181978741572	0.138505244755245	0.381288892639033	-2.49805192499737	0.19574001979942	-4.0466881646836	-3.6794922463005	5.17244614922789	-0.652302038672596	0.226562720464445
"Paracoccus"	"Proteobacteria"	"Rhodobacteraceae"	0.512661131189865	0.746882894333602	0.537086351148851	0.759227411052514	-3.57328939107698	-3.27133911892328	-3.82222614357236	-0.835131914332452	5.23332849770724	-0.140807611729914	0.441558474869782
"Paracoccus"	"Proteobacteria"	"Rhodobacteraceae"	0.512661131189865	0.746882894333602	0.537086351148851	0.759227411052514	-3.57328939107698	-3.27133911892328	-3.82222614357236	-0.835131914332452	5.23332849770724	-0.140807611729914	0.441558474869782
"Parvibaculum"	"Proteobacteria"	"Hyphomicrobiaceae"	0.608002294905756	0.819197773188086	0.698930756743257	0.866870127682969	-1.6186521909003	-1.96988759863202	-1.43056302151526	0.190153088166143	4.59356965763489	0.0405534725012624	0.480519491488215
"Pedobacter"	"Bacteroidetes"	"Sphingobacteriaceae"	0.168256345453345	0.421520965611943	0.177575549450549	0.42081162427774	-2.853515795855	1.00394563571248	-3.84217839252818	-4.40662204250403	6.3957583510252	-0.631781239877126	0.250000188379166
"Pedomicrobium"	"Proteobacteria"	"Hyphomicrobiaceae"	0.314603121682355	0.595734268811809	0.292100087412587	0.56720708145846	-1.57888178644896	-3.30827391099048	0.440129871710714	2.68763102819994	5.19300513276736	0.427588267597888	0.309091034738803
"Pedosphaera"	"Verrucomicrobia"	"[Pedosphaeraceae]"	0.306760090751458	0.581425311263485	0.459587287712288	0.698552253304939	-3.45154197142942	-4.05777464219653	-3.04169899913188	1.68559004287023	6.59961836757368	0.188093523105421	0.385416735011439
"Perlucidibaca"	"Proteobacteria"	"Moraxellaceae"	0.832212729296009	0.941858379273389	0.523760614385614	0.800719983314818	6.10955014440651	5.01989685848945	6.76872978631877	1.14418146230414	3.53037272656339	0.216257412990927	0.382812570076623
"Phaeospirillum"	"Proteobacteria"	"Rhodospirillaceae"	0.525295683017059	0.756799937810413	0.624562937062937	0.809152491529532	-3.15316722325533	-3.04385552241093	-3.23712238860817	-0.326263473442821	4.86475905765789	-0.0723303476282169	0.460937522211308
"Phaeospirillum"	"Proteobacteria"	"Rhodospirillaceae"	0.525295683017059	0.756799937810413	0.624562937062937	0.809152491529532	-3.15316722325533	-3.04385552241093	-3.23712238860817	-0.326263473442821	4.86475905765789	-0.0723303476282169	0.460937522211308
"Phenylobacterium"	"Proteobacteria"	"Caulobacteraceae"	0.838878753269107	0.943922725360817	0.780792644855145	0.919043339867858	7.25062534355569	6.91357809589509	7.37610610509852	0.208008392121436	1.21602763887374	0.173197589339612	0.453125026725783
"Phormidium"	"Cyanobacteria"	"Phormidiaceae"	0.125284682432473	0.376575694621499	0.254582917082917	0.506140561355581	-2.87286177134272	-3.89932101203429	-1.43788348677411	4.90424160058075	7.14762214289966	0.634936361432585	0.286458480936742
"Phycicoccus"	"Actinobacteria"	"Intrasporangiaceae"	0.478300394791827	0.723052828001366	0.534384365634366	0.754976287655965	-3.85384119628932	-4.01532838554127	-3.70524092021776	0.701618776396473	4.89369894617732	0.135380671308036	0.427083375436809
"Phyllobacterium"	"Proteobacteria"	"Phyllobacteriaceae"	0.226340140387056	0.488724581449196	0.214291958041958	0.475053180371515	-2.78115042846648	0.538496711617054	-3.63280659120373	-3.58373245689726	5.66381233616919	-0.55610687200605	0.252604351804582
"Pirellula"	"Planctomycetes"	"Pirellulaceae"	0.587561027017868	0.810500000570173	0.639346590909091	0.838636668735191	-3.15804554065031	-3.10348576735068	-3.18791152793174	0.128514727095194	5.23840361584609	0.025582488549463	0.493506497157804
"Planctomyces"	"Planctomycetes"	"Planctomycetaceae"	0.602401259566361	0.828397734012022	0.550424575424575	0.800582116149259	2.45153129407143	1.98038082732961	2.67867759303197	1.21154569006619	8.11381020894921	0.181997148509499	0.380208405154813
"Polaromonas"	"Proteobacteria"	"Comamonadaceae"	0.119615059567081	0.362968193581485	0.151604645354645	0.404512790384654	-1.63461861730765	2.22253178384984	-3.10837151706469	-4.76947164588905	6.67677666154384	-0.719759712635981	0.24155863982662
"Polynucleobacter"	"Proteobacteria"	"Oxalobacteraceae"	0.0100451482216655	0.116552174842118	0.0178415334665335	0.144111741617215	5.05019073462954	6.09601103002341	4.52693519825385	-1.80585617548345	1.6729358581078	-1.10941439829374	0.104167265963194
"Pontibacter"	"Bacteroidetes"	"Cytophagaceae"	0.471254502727266	0.711200430127457	0.515910651848152	0.734597678447263	-4.02930724941982	-4.15963609248729	-3.8496137165562	0.315072045751549	4.34590660306727	0.063832539011293	0.470129886983215
"[Prevotella]"	"Bacteroidetes"	"[Paraprevotellaceae]"	0.476544786222037	0.707816081459992	0.510501998001998	0.726320941740877	-3.91151910858436	-3.23317204821876	-4.29524452205296	-1.37517800811547	4.72298066949832	-0.247779692190034	0.388020899958863
"Propionivibrio"	"Proteobacteria"	"Rhodocyclaceae"	0.431809895024404	0.67873076421437	0.48078484015984	0.708649335207493	-3.68819209719311	-4.13346387743036	-3.18236316190528	1.48540432040719	4.96121646133808	0.268996737474657	0.395833394872951
"Prosthecobacter"	"Verrucomicrobia"	"Verrucomicrobiaceae"	0.0310542445033571	0.211295941668329	0.00718344155844156	0.0850764872783066	5.06315462584349	1.9600231956121	5.718442439199	4.07110583096467	3.85377402651673	1.01489462623825	0.0781258275588373
"Pseudanabaena"	"Cyanobacteria"	"Pseudanabaenaceae"	0.317404459675383	0.57419709847486	0.383981643356643	0.625211888343314	-3.22023725797013	-3.9739403621571	-2.40701331613792	2.39938486000231	5.94231528494664	0.364197038513144	0.327272837540329
"Pseudomonas"	"Proteobacteria"	"Pseudomonadaceae"	0.918128880450201	0.968629012670924	0.836376123876124	0.939328359334481	13.784277000514	13.4076796070026	14.3261434303317	0.233667020460842	2.60174737168332	0.0692505948240758	0.475324689231185
"Pseudomonas"	"Proteobacteria"	"Pseudomonadaceae"	0.918128880450201	0.968629012670924	0.836376123876124	0.939328359334481	13.784277000514	13.4076796070026	14.3261434303317	0.233667020460842	2.60174737168332	0.0692505948240758	0.475324689231185
"Pseudonocardia"	"Actinobacteria"	"Pseudonocardiaceae"	0.525667619699896	0.759879115457685	0.567730706793207	0.7745504177482	-3.92396996573262	-3.96551956336821	-3.90774655952239	-0.100957790803647	4.56379923676886	-0.0216501392662906	0.488311694886532
"Pseudoxanthomonas"	"Proteobacteria"	"Xanthomonadaceae"	0.00317505306920002	0.081477492024679	0.00679945054945055	0.0807324863347747	6.34936102515163	7.40233618415281	5.62761280465515	-1.91995324123186	1.6229308065068	-1.17296927111165	0.0753255322585755
"Pseudoxanthomonas"	"Proteobacteria"	"Xanthomonadaceae"	0.00317505306920002	0.081477492024679	0.00679945054945055	0.0807324863347747	6.34936102515163	7.40233618415281	5.62761280465515	-1.91995324123186	1.6229308065068	-1.17296927111165	0.0753255322585755
"Rheinheimera"	"Proteobacteria"	"[Chromatiaceae]"	0.0655809277973019	0.313775774604345	0.0965003746253746	0.34630666652563	12.0302790285116	12.9063624089338	11.6806087534538	-1.49304102807191	2.27264795742162	-0.65018849254198	0.231169043764391
"Rhodobacter"	"Proteobacteria"	"Rhodobacteraceae"	0.847446136794387	0.946007415289935	0.848562375124875	0.942572569080091	8.16493486871308	7.99757249180518	8.19043227505251	0.215630185613527	2.23678965452474	0.0941713853617062	0.464935084746253
"Rhodobacter"	"Proteobacteria"	"Rhodobacteraceae"	0.847446136794387	0.946007415289935	0.848562375124875	0.942572569080091	8.16493486871308	7.99757249180518	8.19043227505251	0.215630185613527	2.23678965452474	0.0941713853617062	0.464935084746253
"Rhodococcus"	"Actinobacteria"	"Nocardiaceae"	0.509533062776178	0.751674908698439	0.519649100899101	0.745236458284821	-3.97547600869492	-4.01426959134846	-3.93929073165256	-0.0848564675332444	5.30979278176276	-0.0202631569427634	0.485714293752376
"Rhodoferax"	"Proteobacteria"	"Comamonadaceae"	0.115976541940457	0.403814873849445	0.174731518481518	0.468570148467805	8.14720670546671	8.64606884563603	7.51166293579514	-1.06662404538055	1.68836068458876	-0.558551611522192	0.270130033999975
"Rhodoplanes"	"Proteobacteria"	"Hyphomicrobiaceae"	0.701381013358728	0.87959903803292	0.771868756243756	0.906793490636597	-0.701125804990729	1.49536245671092	-1.00704714019428	-0.2055413560587	7.07638856970298	-0.031225808932198	0.479166678460872
"Rickettsia"	"Proteobacteria"	"Rickettsiaceae"	0.327871657595221	0.610551723316315	0.316480394605395	0.593911022348426	-1.82408739516029	1.80404522390421	-2.6910786902892	-2.62626800546921	6.24867201562728	-0.37529102655286	0.325520945610412
"Roseococcus"	"Proteobacteria"	"Acetobacteraceae"	0.750725438485974	0.906810257491625	0.835928134365634	0.93735559788767	0.388188283687445	0.296837917300074	0.518080197631398	0.280731039132503	6.16375451706443	0.0454499349351605	0.477922090358689
"Rothia"	"Actinobacteria"	"Micrococcaceae"	0.629158483737197	0.831921918987126	0.649199238261738	0.835305305701517	-3.61201810288047	-3.49694484448578	-3.69432613296001	-0.220822918366712	6.79092390833623	-0.0255720535313503	0.489583339222754
"Rothia"	"Actinobacteria"	"Micrococcaceae"	0.629158483737197	0.831921918987126	0.649199238261738	0.835305305701517	-3.61201810288047	-3.49694484448578	-3.69432613296001	-0.220822918366712	6.79092390833623	-0.0255720535313503	0.489583339222754
"Rubrivivax"	"Proteobacteria"	"Comamonadaceae"	0.124024380351208	0.421590904433177	0.0801948051948052	0.31684466164156	6.33334758778203	4.45139429807041	6.74795959789853	2.14050669086028	2.99502872836516	0.568283599671334	0.213541907655308
"Ruminococcus"	"Firmicutes"	"Ruminococcaceae"	0.484231994159543	0.715041792405981	0.502065122377622	0.726259980650508	-4.05729499729907	-3.42890304646552	-4.349745935899	-0.640272919430358	4.50240925818774	-0.125630624743002	0.419270880177702
"Runella"	"Bacteroidetes"	"Cytophagaceae"	0.578877999314439	0.826940474123577	0.61085477022977	0.847136317293879	3.43425957253091	3.14336929316136	4.75426130914287	1.49993162548311	5.07629449318242	0.196744921112126	0.388020899958863
"Salinibacterium"	"Actinobacteria"	"Microbacteriaceae"	0.202713147337286	0.515758581789032	0.0433066933066933	0.229255069318226	3.87721317898652	2.49338005085261	4.40384423205329	2.01779363721501	4.70059657623184	0.522986749806968	0.163636709071714
"Salinibacterium"	"Actinobacteria"	"Microbacteriaceae"	0.202713147337286	0.515758581789032	0.0433066933066933	0.229255069318226	3.87721317898652	2.49338005085261	4.40384423205329	2.01779363721501	4.70059657623184	0.522986749806968	0.163636709071714
"Salinicoccus"	"Firmicutes"	"Staphylococcaceae"	0.487046697122469	0.719030407228822	0.496779782717283	0.7230163342647	-4.06822194498202	-3.64499633520629	-4.30229756503671	-0.970563990936196	4.55171773843591	-0.198282060787459	0.401041724871819
"SC3-56"	"Bacteroidetes"	"[Amoebophilaceae]"	0.48224907077858	0.710240451337863	0.509470217282717	0.717140309584649	-3.48190803946995	-3.91489004319971	-3.0923138395733	1.42543728921746	4.79080538804377	0.245934243345175	0.382812570076623
"Sediminibacterium"	"Bacteroidetes"	"Chitinophagaceae"	0.0847461748449922	0.353501971518369	0.0156406093906094	0.141209400121164	7.45574782036739	5.35895969894612	8.11541631754863	3.01028348451928	3.20967081843996	0.751822654174661	0.125000484397421
"SGSH944"	"SAR406"	"A714017"	0.54970635438284	0.767310702335497	0.578438748751249	0.784509803020746	-4.07252595704681	-4.14874638441269	-3.97775582579875	0.195099542248292	4.65894792792508	0.0397598151168431	0.480519491488215
"Shewanella"	"Proteobacteria"	"Shewanellaceae"	0.303531016743119	0.551670431332837	0.32057785964036	0.563607358026323	-3.6019080548514	-1.98279621868878	-4.32669238833075	-2.67733457626499	5.00836044716364	-0.467141857989513	0.299479301707933
"Sphingobium"	"Proteobacteria"	"Sphingomonadaceae"	0.0772409631975373	0.340107374034629	0.0429445554445555	0.235180085662323	4.29707283642215	2.48809315432728	5.89563081895004	3.21779257198395	4.21664735905835	0.643006573340796	0.184896128730637
"Sphingomonas"	"Proteobacteria"	"Sphingomonadaceae"	0.446456003338084	0.742116761766087	0.537289273226773	0.788421582695562	6.81789494486908	6.623627764651	7.05167831943076	0.256501864096913	1.16372323738054	0.219227946025774	0.401041724871819
"Sphingomonas"	"Proteobacteria"	"Sphingomonadaceae"	0.446456003338084	0.742116761766087	0.537289273226773	0.788421582695562	6.81789494486908	6.623627764651	7.05167831943076	0.256501864096913	1.16372323738054	0.219227946025774	0.401041724871819
"Sphingopyxis"	"Proteobacteria"	"Sphingomonadaceae"	0.778155332928364	0.917521718953014	0.786550949050949	0.915877215169269	0.814529074686822	1.04053148351502	0.732870776270302	-0.80844044952707	9.67116643222962	-0.11242501332085	0.473958348090526
"Spirochaeta"	"Spirochaetes"	"Spirochaetaceae"	0.517664102461017	0.742617424039195	0.529225462037962	0.73894685807763	-3.97287448306847	-4.32085004260513	-3.78366669438932	0.851266240169721	4.50213755548223	0.15323291832026	0.432291705646073
"Staphylococcus"	"Firmicutes"	"Staphylococcaceae"	0.532443326217957	0.786600264228755	0.610898476523477	0.847301346397843	2.73212804774813	3.71574244995721	2.54184077814988	-1.22110467312591	6.95718695579147	-0.146452010543929	0.408854219947247
"Staphylococcus"	"Firmicutes"	"Staphylococcaceae"	0.532443326217957	0.786600264228755	0.610898476523477	0.847301346397843	2.73212804774813	3.71574244995721	2.54184077814988	-1.22110467312591	6.95718695579147	-0.146452010543929	0.408854219947247
"Stenotrophomonas"	"Proteobacteria"	"Xanthomonadaceae"	0.28026578204596	0.596639715296643	0.289382492507492	0.60989329725745	1.72789222646741	3.62447588944679	1.27243390857195	-3.83672120257956	7.01423885793197	-0.475760777087951	0.309895958923605
"Stenotrophomonas"	"Proteobacteria"	"Xanthomonadaceae"	0.28026578204596	0.596639715296643	0.289382492507492	0.60989329725745	1.72789222646741	3.62447588944679	1.27243390857195	-3.83672120257956	7.01423885793197	-0.475760777087951	0.309895958923605
"Steroidobacter"	"Proteobacteria"	"Sinobacteraceae"	0.627875932214372	0.831461672595472	0.598634178321678	0.803696028049148	-2.37294728177445	-3.12211560524184	-1.72037726546043	0.931729314665813	5.3577365768886	0.15863298306753	0.445312531280238
"Streptococcus"	"Firmicutes"	"Streptococcaceae"	0.628367913935841	0.836859685734045	0.595865072427572	0.81580178147957	-0.54862042030658	-2.31992069691696	0.0977155302585224	1.78812995322125	6.05904053483311	0.222016480613229	0.42337666749082
"Streptomyces"	"Actinobacteria"	"Streptomycetaceae"	0.551223395052504	0.770161058346272	0.586938061938062	0.785132071478908	-4.08510205706254	-4.13420724900075	-4.06531359409619	0.0281308137602876	4.81936733240717	0.00843408454929868	0.497395834805089
"Sulfuritalea"	"Proteobacteria"	"Rhodocyclaceae"	0.554347431688624	0.775312994380501	0.603204607892108	0.799513000439745	-3.79072290777449	-3.91004912026961	-3.65890628369855	0.352470564874294	4.47674366884901	0.0792887078199568	0.464935084746253
"Terracoccus"	"Actinobacteria"	"Intrasporangiaceae"	0.531025724255337	0.760375406072566	0.569377497502497	0.775573896729165	-4.0012626440737	-4.04117136746776	-3.98950022850493	0.278218747976107	5.03708296855303	0.047058824060195	0.470129886983215
"Thauera"	"Proteobacteria"	"Rhodocyclaceae"	0.543675547621437	0.775836257219358	0.625338723776224	0.812089339760498	-4.15400787729462	-4.3114493502066	-4.00679137587622	0.624691372987389	5.22164180095112	0.116343701001487	0.437500035881837
"Thermomonas"	"Proteobacteria"	"Xanthomonadaceae"	0.566376555385839	0.791464103908113	0.607035152347652	0.810761561119756	-2.85756583047799	-3.30066238777575	-2.52549396651455	1.08351769716932	5.80936387573468	0.150521667929676	0.419270880177702
"Thermomonas"	"Proteobacteria"	"Xanthomonadaceae"	0.566376555385839	0.791464103908113	0.607035152347652	0.810761561119756	-2.85756583047799	-3.30066238777575	-2.52549396651455	1.08351769716932	5.80936387573468	0.150521667929676	0.419270880177702
"Tsukamurella"	"Actinobacteria"	"Tsukamurellaceae"	0.409674461224599	0.654268696894029	0.439963161838162	0.665131078908374	-3.87948864322393	-3.17076083839888	-4.32338443082872	-1.27302884939349	4.71226824447927	-0.260143587221993	0.374026049649864
"Veillonella"	"Firmicutes"	"Veillonellaceae"	0.538256743652647	0.757754638476341	0.591321178821179	0.78830511624144	-4.04678381199085	-4.13739550413418	-4.0008716174908	0.147287091722869	4.54981006397738	0.0272516675625943	0.485714293752376
"Xanthobacter"	"Proteobacteria"	"Xanthobacteraceae"	0.000655395989694718	0.035642673007817	0.000580669330669331	0.0148721553743875	-0.121627715075112	3.12060443880582	-3.09117821877792	-6.10931130241434	3.52153753145687	-1.6235211919654	0.00520813704002552
"Xanthobacter"	"Proteobacteria"	"Xanthobacteraceae"	0.000655395989694718	0.035642673007817	0.000580669330669331	0.0148721553743875	-0.121627715075112	3.12060443880582	-3.09117821877792	-6.10931130241434	3.52153753145687	-1.6235211919654	0.00520813704002552
"Zoogloea"	"Proteobacteria"	"Rhodocyclaceae"	0.00744010843191813	0.103175973129734	0.0003996003996004	0.0125111644308073	6.46993932768174	-2.33393691970848	7.72154551879547	9.8166902025022	5.32970551168931	1.65768872464952	0.000182733348482992
