"Genus"	"Phylum"	"Family"	"(Intercept) Estimate"	"(Intercept) Std. Error"	"(Intercept) t value"	"(Intercept) Pr(>|t|)"	"model.TIME7 Estimate"	"model.TIME7 Std. Error"	"model.TIME7 t value"	"model.TIME7 Pr(>|t|)"	"model.SPECIESS_polyrhiza432_9509 Estimate"	"model.SPECIESS_polyrhiza432_9509 Std. Error"	"model.SPECIESS_polyrhiza432_9509 t value"	"model.SPECIESS_polyrhiza432_9509 Pr(>|t|)"	"model.TREATMENTSD_treated Estimate"	"model.TREATMENTSD_treated Std. Error"	"model.TREATMENTSD_treated t value"	"model.TREATMENTSD_treated Pr(>|t|)"	"(Intercept) Pr(>|t|).BH"	"model.TIME7 Pr(>|t|).BH"	"model.SPECIESS_polyrhiza432_9509 Pr(>|t|).BH"	"model.TREATMENTSD_treated Pr(>|t|).BH"
"Achromobacter"	"Proteobacteria"	"Alcaligenaceae"	0.181231571758176	1.81352375386237	0.199861139944011	0.620473390635508	-2.00121555241805	1.85072811546153	-1.19549372206766	0.365280547821728	-4.34151710407781	1.85072811546153	-2.50978066250578	0.0853379706865589	0.40933776233156	1.80881940416421	0.220836163592713	0.577711220320391	1	0.995911681581073	0.875102232698616	1
"Acidovorax"	"Proteobacteria"	"Comamonadaceae"	9.89892551843463	1.88201793043409	5.40244003132314	0.000527959235802648	-7.07153694550637	1.92062744711169	-3.73121179220629	0.0038500331809606	-4.44684376907038	1.92062744711169	-2.34973947445257	0.0410849805614854	-0.401415518268086	1.87713590423283	-0.215385658377149	0.73959243464521	0.0566145130266369	0.441524621173194	1	1
"Acinetobacter"	"Proteobacteria"	"Moraxellaceae"	6.25196022478798	1.37441141139511	4.55766969232843	0.00087483155934507	-4.21185579853764	1.40260740222602	-3.00665673615146	0.012367205840643	2.51416948367965	1.40260740222602	1.79771152753412	0.102156977496335	-1.25627031709712	1.37084613583995	-0.91547972716708	0.381789271855965	0.0958356363991014	0.983807019450791	1	1
"Acinetobacter"	"Proteobacteria"	"Moraxellaceae"	6.25196022478798	1.37441141139511	4.55766969232843	0.00087483155934507	-4.21185579853764	1.40260740222602	-3.00665673615146	0.012367205840643	2.51416948367965	1.40260740222602	1.79771152753412	0.102156977496335	-1.25627031709712	1.37084613583995	-0.91547972716708	0.381789271855965	0.0958356363991014	0.983807019450791	1	1
"Actinomyces"	"Actinobacteria"	"Actinomycetaceae"	-3.70276414079468	1.75410378868635	-2.17253672054897	0.118407388941697	-2.38941753096681	1.79008915226251	-1.43925358681687	0.286394927342634	-0.612533504117231	1.79008915226251	-0.36387578779964	0.521045381558581	1.85068467615428	1.74955357664128	1.16612576908381	0.354615574829913	0.929056492869797	0.978485577449092	1	0.993482796893915
"Aerococcus"	"Firmicutes"	"Aerococcaceae"	-4.44204624784029	1.69793564248063	-2.6988833026326	0.0568074134871215	-1.88070078403775	1.73276871895973	-1.20703179476054	0.353376079545061	0.44285472333946	1.73276871895973	0.282458701505526	0.523316262035884	0.866875828526088	1.69353113274637	0.541730990050849	0.489849724541368	0.809053829648861	0.976616046112345	0.997184752321272	1
"Agrobacterium"	"Proteobacteria"	"Rhizobiaceae"	8.14100162232393	0.474144103712359	17.2581926935687	3.56886356300986e-09	-0.00902417968441789	0.483871149551739	-0.019233572117044	0.857476834242102	-1.69758814789708	0.483871149551739	-3.52451788228689	0.00552352024653104	0.0161695069449994	0.472914155846261	0.0359431361148416	0.85608627566709	4.52314269699096e-07	1	0.637652779401373	1
"Agrobacterium"	"Proteobacteria"	"Rhizobiaceae"	8.14100162232393	0.474144103712359	17.2581926935687	3.56886356300986e-09	-0.00902417968441789	0.483871149551739	-0.019233572117044	0.857476834242102	-1.69758814789708	0.483871149551739	-3.52451788228689	0.00552352024653104	0.0161695069449994	0.472914155846261	0.0359431361148416	0.85608627566709	4.52314269699096e-07	1	0.637652779401373	1
"Anaeromyxobacter"	"Proteobacteria"	"Myxococcaceae"	-5.44531067033265	2.01795941881466	-2.86316350076883	0.0553878837158996	-1.12322447371175	2.05935776926368	-0.557810327530419	0.520789180880417	1.35418126631489	2.05935776926368	0.725091412055387	0.486731626333851	2.06049380391243	2.01272475521427	1.15571401155684	0.363245689299316	0.751878447802907	1	1	0.992033492770465
"Ancylobacter"	"Proteobacteria"	"Xanthobacteraceae"	-1.39764012755975	1.81185860001353	-0.743083428291858	0.480216678179482	-1.56399351896144	1.8490288010533	-0.899284628184959	0.41265507832362	-2.7654856580106	1.8490288010533	-1.61063194958562	0.235672237416858	-0.279889526074026	1.80715856978789	-0.180637218242006	0.548042957622658	1	0.987637399331938	0.974887498641639	1
"Ancylobacter"	"Proteobacteria"	"Xanthobacteraceae"	-1.39764012755975	1.81185860001353	-0.743083428291858	0.480216678179482	-1.56399351896144	1.8490288010533	-0.899284628184959	0.41265507832362	-2.7654856580106	1.8490288010533	-1.61063194958562	0.235672237416858	-0.279889526074026	1.80715856978789	-0.180637218242006	0.548042957622658	1	0.987637399331938	0.974887498641639	1
"Arcobacter"	"Proteobacteria"	"Campylobacteraceae"	-3.49294510842365	1.61918098950131	-2.23330359150357	0.122579458928486	-2.09908717431461	1.65239841767097	-1.35324675808886	0.343101163228473	0.317387315016436	1.65239841767097	0.221848124693843	0.531936141644216	-0.48684576376478	1.6149807723368	-0.339062290169878	0.517738245673259	0.892876636573713	0.979001062947442	1	1
"Asticcacaulis"	"Proteobacteria"	"Caulobacteraceae"	-3.96186546500577	1.65208514180645	-2.54115601709856	0.068139861129283	5.02402760602324	1.6859775972416	3.17282406649818	0.0296232216242562	2.72331093263561	1.6859775972416	1.80389064606446	0.209128323759094	-2.20176482760247	1.64779957001748	-1.44743479660047	0.284151672209285	0.866821566644868	0.698611067824405	0.964126935651347	0.993273601835675
"Azospirillum"	"Proteobacteria"	"Rhodospirillaceae"	3.18097097684486	1.43907219133064	2.45819770161269	0.0792144989281035	1.39915570661595	1.46859469527332	0.944210607794758	0.367839031304098	-0.709601003640338	1.46859469527333	-0.442995271669718	0.666009741996196	2.04918105479193	1.43533918324928	1.43961219039036	0.180092087709596	0.858353972128612	1	1	1
"Bacillus"	"Firmicutes"	"Bacillaceae"	5.2082351673454	0.618994737274294	8.48198528163474	5.7725393339077e-06	-3.72553492412162	0.631693387614264	-5.94148692138555	0.000138340271305353	-0.873265750438398	0.631693387614264	-1.3957508038944	0.208111217241202	0.77075789887821	0.617389041347094	1.2592462020561	0.253373151935936	0.000672403922028796	0.0181309197521915	1	1
"Bacillus"	"Firmicutes"	"Bacillaceae"	5.2082351673454	0.618994737274294	8.48198528163474	5.7725393339077e-06	-3.72553492412162	0.631693387614264	-5.94148692138555	0.000138340271305353	-0.873265750438398	0.631693387614264	-1.3957508038944	0.208111217241202	0.77075789887821	0.617389041347094	1.2592462020561	0.253373151935936	0.000672403922028796	0.0181309197521915	1	1
"Bdellovibrio"	"Proteobacteria"	"Bdellovibrionaceae"	-1.04272989611258	1.36539586077311	-0.676378038137334	0.492989113755664	5.31266084973213	1.39340689797183	4.04004990288929	0.0049756095854849	0.952499858030687	1.39340689797183	0.693235380407258	0.481918970098218	-3.22503640029157	1.36185397189969	-2.5421758539255	0.0649488121171613	1	0.383309485142624	1	0.915024539497033
"Bdellovibrio"	"Proteobacteria"	"Bdellovibrionaceae"	-1.04272989611258	1.36539586077311	-0.676378038137334	0.492989113755664	5.31266084973213	1.39340689797183	4.04004990288929	0.0049756095854849	0.952499858030687	1.39340689797183	0.693235380407258	0.481918970098218	-3.22503640029157	1.36185397189969	-2.5421758539255	0.0649488121171613	1	0.383309485142624	1	0.915024539497033
"Bosea"	"Proteobacteria"	"Bradyrhizobiaceae"	8.11039068511887	0.345615319675798	23.6404084387403	1.35002082205546e-10	-1.30370472565468	0.352705603053692	-3.72147307350986	0.00457958794842531	-0.967186033530771	0.352705603053692	-2.76215529838809	0.0228179026193828	0.126682388597467	0.344718780371401	0.371378875934587	0.706233008259564	1.7789989741444e-08	0.466721089231665	0.966005161246653	1
"Bradyrhizobium"	"Proteobacteria"	"Bradyrhizobiaceae"	-1.95867987561303	1.86368680680492	-1.01198505069156	0.375897304269653	-2.2803904947664	1.90192026127182	-1.2656694401816	0.343602093819046	-1.35708527620865	1.90192026127182	-0.748799858904772	0.506245863391222	-1.10965071691399	1.85885233223662	-0.656517090363418	0.441049076165903	1	0.993367581876068	1	0.994812666739857
"Brevundimonas"	"Proteobacteria"	"Caulobacteraceae"	8.8074117181217	0.758412243045607	11.6412309254679	1.82824005748076e-07	-2.05098412946364	0.773971037503855	-2.65591146776468	0.0236135259890909	-2.36379479502694	0.773971037503855	-3.06108676911314	0.0114488961343493	1.83382085538499	0.756444892797753	2.429942638456	0.0351938490090725	2.22657645194159e-05	0.999796015327878	0.968396357094973	1
"Burkholderia"	"Proteobacteria"	"Burkholderiaceae"	-3.61246712059373	1.26376059650087	-2.8462361205656	0.0287703893160476	-1.63883485946364	1.28968659063624	-1.33272594349762	0.304309990673494	7.50990394106588	1.28968659063624	6.05089982452574	0.000279054711445452	0.929572208011168	1.26048235337446	0.747097061220122	0.502643772290533	0.823190833297091	1	0.0364925845057723	1
"C39"	"Proteobacteria"	"Rhodocyclaceae"	-0.0790315522467916	2.32878185625712	-0.0118910251350543	0.678201862075745	0.67238893522417	2.37655671560551	0.310027412984777	0.691106575098825	0.333235363370983	2.37655671560551	0.143759871487822	0.707967109974163	-2.33757283573787	2.32274090741417	-1.02057330255761	0.368228210093546	1	1	1	1
"Caedibacter"	"Proteobacteria"	"Francisellaceae"	-6.9713796459393	2.41074810601057	-2.97550600480271	0.0246799338085221	5.62705179471478	2.46020449943772	2.40045961313309	0.0748605202916068	-0.950166812853332	2.46020449943772	-0.393754996022403	0.617666548651263	5.9505997853776	2.40449453359351	2.55793659623859	0.0519899491284626	0.77941145035499	0.938560882320167	1	0.922175455120406
"Candidatus Amoebophilus"	"Bacteroidetes"	"[Amoebophilaceae]"	-4.21606187237192	1.7104284188862	-2.6033638758422	0.0793911160502867	-0.411077829007609	1.74551778413448	-0.244468182703851	0.49619924752648	0.163566212047423	1.74551778413448	0.120931462116842	0.5532439313149	-0.537079559814167	1.70599150241407	-0.34381168335333	0.486464104933782	0.822822401878864	1	1	1
"Candidatus Protochlamydia"	"Chlamydiae"	"Parachlamydiaceae"	-4.82940667534078	1.68070516367016	-3.10141377453683	0.0419035091752918	-0.447096204002442	1.71518475761956	-0.268513652243459	0.523341732696426	0.0685863558891216	1.71518475761956	0.0784364213840455	0.522556465661528	0.923166784920433	1.67634535045428	0.617527749550024	0.488775240984027	0.690815485787405	1	1	0.998000745548252
"Capnocytophaga"	"Bacteroidetes"	"Flavobacteriaceae"	-4.44034591925552	1.58738542358637	-2.99031017755865	0.0582148684122552	-1.74458380576246	1.61995056709252	-1.21801054452156	0.379890694025828	0.442342709786175	1.61995056709252	0.290878305279249	0.47547893672768	0.71976720220235	1.583267685331	0.518431243246343	0.477406591071867	0.690269717922531	0.957159261904385	0.99633473774763	1
"Caulobacter"	"Proteobacteria"	"Caulobacteraceae"	10.8401943210747	0.385975465005035	28.3539629077105	2.1630462227628e-11	0.712210827982947	0.393893735023757	1.82365494341335	0.107347421831569	-1.79353616189326	0.393893735023757	-4.59839358953145	0.00107770390912216	0.12478984878956	0.384974229946258	0.328808921995942	0.738644291051131	2.89332960959903e-09	1	0.140828473816566	1
"Cellvibrio"	"Proteobacteria"	"Alteromonadaceae"	8.84734950296496	0.548052543536941	16.1947384422141	6.10461967703057e-09	0.660404059236034	0.559295817831893	1.18522190431961	0.270278689668767	3.05726481100221	0.559295817831893	5.48451729628547	0.000222570591640371	-0.43998951783105	0.546630874362621	-0.808747758786908	0.445516941255457	7.69734560655152e-07	1	0.0298672084545376	1
"Chryseobacterium"	"Bacteroidetes"	"[Weeksellaceae]"	1.10703091859687	2.34394882953796	0.530644799606524	0.591468125569219	-3.69157780144452	2.3920348386891	-1.61469073040735	0.211883790801488	-2.10279490354804	2.3920348386891	-0.892106457670686	0.418818959649662	-1.14080587960749	2.33786853698858	-0.497158185654322	0.589115733407595	1	0.991560542386234	1	1
"Comamonas"	"Proteobacteria"	"Comamonadaceae"	7.52749760815105	2.51039191333975	3.10765056206386	0.0187924238303755	-4.5388287934901	2.56189249517695	-1.82125261764351	0.126884231778231	-4.10454810847757	2.56189249517695	-1.6398547391889	0.154453444012647	-2.84263740752704	2.50387986109085	-1.1522624937532	0.303159998192887	0.726490715177482	1	1	1
"Corynebacterium"	"Actinobacteria"	"Corynebacteriaceae"	0.738498428525411	2.12746513600898	0.395603504910073	0.641419559071304	-4.39589977998685	2.17110999152361	-2.12852555558553	0.103516476866166	-2.31149364329032	2.17110999152361	-1.06704391037754	0.352694359340299	1.60481425211182	2.12194641040689	0.780681378411886	0.482683906978779	1	0.984359159371169	1	1
"Crenothrix"	"Proteobacteria"	"Crenotrichaceae"	-4.52237045783871	1.67567269708708	-2.82781067868437	0.0575284069658473	-1.08359809263852	1.71004905020155	-0.668800703989412	0.492815640252406	0.76676227566857	1.71004905020155	0.501648246598368	0.473058204261522	0.595877264170775	1.67132593828121	0.332572858579384	0.524498075714896	0.762679126316202	1	1	0.999549854388831
"Cryocola"	"Actinobacteria"	"Microbacteriaceae"	-5.27462818711008	1.74796610364079	-3.16962928877298	0.0303066496751979	-0.231285752539574	1.78382555287293	-0.0822019829818941	0.538962357203526	0.438284936184796	1.78382555287293	0.267904099254473	0.562984482146269	1.23957604914552	1.74343181298452	0.757057594558361	0.467215652123297	0.695612027717236	1	1	0.996596077080877
"Cupriavidus"	"Proteobacteria"	"Oxalobacteraceae"	-2.900793657982	2.01109819506352	-1.44496242596226	0.250603129491927	-2.22005041021264	2.05235578780317	-1.15418373059734	0.369142963293664	-1.97688687562972	2.05235578780317	-1.03536482170311	0.370581293597578	1.59224506782622	2.00588132973889	0.856355937074601	0.485035732778178	0.992276281306313	0.991898165894212	0.999486582543523	0.997932413624738
"Curvibacter"	"Proteobacteria"	"Comamonadaceae"	6.36741760518976	1.75227383728692	3.76562100274366	0.00871594071492914	5.63954267021928	1.78822165948903	3.17642388520972	0.0100154700689215	-8.64842143497309	1.78822165948903	-4.90925488366279	0.00065024031403181	-0.451986409154133	1.74772837220548	-0.264593210508411	0.683108478773652	0.440301809170966	0.842369119495735	0.085549920237799	1
"Cytophaga"	"Bacteroidetes"	"Cytophagaceae"	2.26749251199167	2.41632607336845	1.00355226647844	0.369515629460763	5.23869569551401	2.46589689855538	2.13944099761133	0.0574366241725296	-0.723804279636521	2.46589689855538	-0.290837567056338	0.690959479073352	-3.25007492982134	2.41005803149158	-1.37224430386272	0.227561367605482	1	1	1	1
"Dechloromonas"	"Proteobacteria"	"Rhodocyclaceae"	1.55187900042029	1.22662870675371	1.48731735091843	0.264835923269109	-5.06157159881873	1.25179294177229	-4.29041000929039	0.00757354657553995	6.00916353339006	1.25179294177229	5.00102112397935	0.0010382999240265	-1.0449476299504	1.22344678516372	-0.869207675522253	0.434802912952719	0.979201559998851	0.315535990535115	0.114336975288776	1
"Devosia"	"Proteobacteria"	"Hyphomicrobiaceae"	10.8583804535425	1.00237396362849	10.8605162188252	3.77494006691486e-07	0.379888977608579	1.02293762226323	0.370455497406164	0.719712752964123	-3.00660776398922	1.02293762226323	-2.94455691393958	0.0137948390617432	1.02648356236276	0.999773767384472	1.02787340920228	0.328915392505546	4.53640136993999e-05	1	0.998932530817041	1
"Dokdonella"	"Proteobacteria"	"Xanthomonadaceae"	-4.34044569791701	2.10665352972602	-2.10323072174455	0.106936037291078	-0.112095956155905	2.1498714360353	-0.044344093156447	0.617341128286995	2.27716792480992	2.1498714360353	1.11376376773375	0.358921752986408	-0.646511371669218	2.10118879022339	-0.307788002545265	0.606373851751646	0.964964221280487	1	0.989399485310519	1
"Emticicia"	"Bacteroidetes"	"Cytophagaceae"	5.92420823248439	0.800935766898692	7.45582514379387	1.98670265171992e-05	2.5619189744592	0.817366929614887	3.1506085771704	0.0102290745767499	-0.685834033207566	0.817366929614887	-0.847316152912803	0.426108120404779	-1.99145153412788	0.79885810901016	-2.50419453712751	0.0312761995070403	0.00229839720553197	0.873840877112539	1	1
"Enhydrobacter"	"Proteobacteria"	"Moraxellaceae"	-3.63768658156253	1.76887858287525	-2.17125087131391	0.135534743070095	-2.80557726684742	1.805167050717	-1.62843435240561	0.262014932084679	-0.0138256418871155	1.805167050717	0.00121679227456157	0.551574417239633	1.65947037504456	1.76429004445125	1.05280766966821	0.38248628176651	0.895426563848634	0.960684414450306	0.998923424023692	0.98794427061896
"Enterobacter"	"Proteobacteria"	"Enterobacteriaceae"	-3.44518795921303	1.63013309895268	-2.20168404057285	0.113946993489461	-1.92002022200168	1.6635752091754	-1.28084728668665	0.334453547102584	-1.13952509542098	1.6635752091754	-0.763847609389202	0.454707584553657	1.01041334614393	1.62590447159907	0.718656131435163	0.42973332047503	0.914887689328324	0.961569167466263	0.99870204445008	1
"Erwinia"	"Proteobacteria"	"Enterobacteriaceae"	0.880134404910708	2.20794102804414	0.479901702292271	0.589494828566761	-5.7297429355311	2.25323684301322	-2.66136320217806	0.0472532733091349	-0.160634218289822	2.25323684301322	-0.0868455495037202	0.734263773693955	2.80862817886975	2.20221354491264	1.31636420105126	0.255135972302414	1	0.897932647876251	1	1
"Erwinia"	"Proteobacteria"	"Enterobacteriaceae"	0.880134404910708	2.20794102804414	0.479901702292271	0.589494828566761	-5.7297429355311	2.25323684301322	-2.66136320217806	0.0472532733091349	-0.160634218289822	2.25323684301322	-0.0868455495037202	0.734263773693955	2.80862817886975	2.20221354491264	1.31636420105126	0.255135972302414	1	0.897932647876251	1	1
"Fimbriimonas"	"Armatimonadetes"	"[Fimbriimonadaceae]"	-5.46752958884504	1.96980860883943	-2.87159955991816	0.0418126873247357	0.307688306459286	2.01021914749839	0.166023697237444	0.538555465524923	0.582185223284967	2.01021914749839	0.303197282333034	0.546801881863522	1.48203901326466	1.96469885027427	0.823968851759294	0.457769756551271	0.783732037052283	1	1	0.995736210154254
"Finegoldia"	"Firmicutes"	"[Tissierellaceae]"	-4.53081563129391	1.934553134622	-2.43109518516678	0.0829561801571057	-1.24351860710625	1.97424040874784	-0.693291620086087	0.476956823128205	-0.0809799030785596	1.97424040874784	-0.0444620059391671	0.565663254662243	1.50892528957933	1.92953483009991	0.85429060876048	0.468460804804639	0.890798936282308	1	1	0.999211021293317
"Flavobacterium"	"Bacteroidetes"	"Flavobacteriaceae"	9.78233568414674	0.714530705311303	13.7202922843288	3.31636078966125e-08	0.680706018227946	0.729189271915399	0.936580173426309	0.375150796926168	-1.39559329109107	0.729189271915399	-1.91806918022693	0.0840806470087296	-1.39575846414664	0.712677185443865	-1.96305161049184	0.0789292819552292	4.11363061604625e-06	1	1	1
"Flavobacterium"	"Bacteroidetes"	"Flavobacteriaceae"	9.78233568414674	0.714530705311303	13.7202922843288	3.31636078966125e-08	0.680706018227946	0.729189271915399	0.936580173426309	0.375150796926168	-1.39559329109107	0.729189271915399	-1.91806918022693	0.0840806470087296	-1.39575846414664	0.712677185443865	-1.96305161049184	0.0789292819552292	4.11363061604625e-06	1	1	1
"Flectobacillus"	"Bacteroidetes"	"Cytophagaceae"	3.75678437095528	1.64250951018764	2.4630306549542	0.0626882294905375	3.56496266910451	1.6762055219531	2.19390630631059	0.0567799149269557	1.63922811292186	1.6762055219531	1.04370931937813	0.362894057774824	-3.71088109458593	1.63824877795184	-2.33111088566673	0.0452704446211376	0.894575645434311	1	1	1
"Fluviicola"	"Bacteroidetes"	"Cryomorphaceae"	2.03935201479261	1.46803700853687	1.52624749507713	0.221925038522178	7.22419393325148	1.49815372445538	5.00103640703088	0.00107813552561533	3.22010376468264	1.49815372445538	2.1567814301355	0.0562335623116149	-2.37814764094051	1.46422886461634	-1.62473611424439	0.136201176691271	1	0.112286461203473	1	1
"Fusobacterium"	"Fusobacteria"	"Fusobacteriaceae"	-3.37785991877898	1.7336204136373	-2.04545562572275	0.156949741878771	-2.08948257111897	1.76918556165771	-1.27654776777558	0.318636327272119	-1.30055950515902	1.76918556165771	-0.793272421858016	0.41567420751417	1.01643581253504	1.72912333624736	0.696760376686337	0.461432634855786	0.925382009417855	0.965720806247079	1	0.992028200651714
"Gemmata"	"Planctomycetes"	"Gemmataceae"	-2.34379651056036	1.50907782380983	-1.56772744291875	0.203124139670434	6.49294751965637	1.54003649028371	4.39978465495464	0.00232339663097223	0.648416587684623	1.54003649028371	0.494465083923769	0.539650712589089	-1.89803389035809	1.50516321845116	-1.3333935382683	0.298368396172557	0.99881265603246	0.259749989007784	1	0.998375339580432
"Gemmatimonas"	"Gemmatimonadetes"	"Gemmatimonadaceae"	0.639083152330711	1.68545133213164	0.437801012667	0.636159375971909	3.56687541496975	1.72002829352234	2.15864342609559	0.0863545138064235	2.69780033468936	1.72002829352234	1.59828922355755	0.194212850198261	-4.42572479597306	1.68107920717398	-2.65868758775558	0.0259921046812905	1	0.989737240219192	1	0.995668431266311
"Geothrix"	"Acidobacteria"	"Holophagaceae"	-3.35316132037069	1.71085554391298	-2.01550237125749	0.148216742727081	-2.28238607505554	1.74595367161277	-1.37509153661658	0.317795648478573	0.658373955787923	1.74595367161277	0.426913098550113	0.533024244000674	-0.772808241406994	1.70641751946226	-0.484620637998626	0.484121586561419	0.949257225213905	0.981721413245454	0.998136464626776	0.993899611248688
"Gordonia"	"Actinobacteria"	"Gordoniaceae"	3.28017249871192	2.68155325264412	1.26818238768815	0.255722645563594	-4.04602238994436	2.73656520197552	-1.51099237902239	0.179031885916885	1.87718962990752	2.73656520197552	0.702219244034935	0.515288369140806	-0.0541023816184299	2.67459720136119	-0.0155824643501781	0.841722429562256	1	1	1	1
"Granulicatella"	"Firmicutes"	"Carnobacteriaceae"	-3.69448662636237	1.67974221035666	-2.31702461201766	0.116725130928386	-1.83529868158321	1.71420204936036	-1.11776821060419	0.345978638793629	-1.00964546132859	1.71420204936036	-0.622302976838359	0.40319857945449	0.918096560853802	1.67538489507836	0.621066488665539	0.449408777878737	0.863090490442114	0.992947396799483	0.998681445789014	1
"Haemophilus"	"Proteobacteria"	"Pasteurellaceae"	-2.41128794117914	2.05903773218221	-1.16124091547217	0.350123637564359	-3.45586551928943	2.10127880245839	-1.79473038191659	0.195389604862254	-1.89941997898723	2.10127880245839	-0.986755718641158	0.389056111701072	3.0282962739984	2.05369650987219	1.59826979537275	0.246433682505233	0.996446499130727	0.95401761641909	0.995863907381868	0.98097386109223
"Halomonas"	"Proteobacteria"	"Halomonadaceae"	-2.93179756378451	1.71364160863563	-1.74071339196166	0.170067754420375	-2.54944545653758	1.74879689233305	-1.58165025564961	0.256790098492458	-0.324682952049183	1.74879689233305	-0.212108554042133	0.562668312082454	0.348725478278923	1.70919635702689	0.195389683946134	0.561244912281804	0.992026311395757	0.964479506762478	1	1
"Hydrogenophaga"	"Proteobacteria"	"Comamonadaceae"	9.00077369363834	0.871020178154584	10.3471244516382	5.65613168950609e-07	0.80577648155622	0.888889119545183	0.907994463288418	0.387451267967552	-2.5503702236588	0.888889119545183	-2.87186932699977	0.0156387105495078	-1.02754521257211	0.868760718633603	-1.18454600246547	0.265553020469878	6.74292692547442e-05	1	0.999244208292878	1
"Hydrogenophilus"	"Proteobacteria"	"Rhodocyclaceae"	-4.22961997353841	1.76060983820584	-2.51845924295463	0.0858704880216932	-0.628472663665791	1.79672867310731	-0.351789648895771	0.489359991031908	0.24477897443898	1.79672867310731	0.157286663477292	0.492231984115688	-0.379447643640483	1.75604274922049	-0.257395651520152	0.511358068501201	0.852435610000958	0.999024478984508	0.994271319350838	1
"Hyphomicrobium"	"Proteobacteria"	"Hyphomicrobiaceae"	2.90575645080213	1.88808452564272	1.68474587064992	0.174690406242396	5.5823679860329	1.92681849825939	2.99028953463734	0.0156119595840574	-1.31366968917972	1.92681849825939	-0.681551567121644	0.516052473344633	-1.80189975866652	1.8831867624624	-1.0146573756302	0.359689417622389	0.997746614128584	0.907671563744077	1	1
"Hyphomicrobium"	"Proteobacteria"	"Hyphomicrobiaceae"	2.90575645080213	1.88808452564272	1.68474587064992	0.174690406242396	5.5823679860329	1.92681849825939	2.99028953463734	0.0156119595840574	-1.31366968917972	1.92681849825939	-0.681551567121644	0.516052473344633	-1.80189975866652	1.8831867624624	-1.0146573756302	0.359689417622389	0.997746614128584	0.907671563744077	1	1
"Inquilinus"	"Proteobacteria"	"Rhodospirillaceae"	-5.09992435684284	1.77394868752914	-3.02607300051407	0.04025855649426	-0.301567656326104	1.81034116834921	-0.154572778235755	0.551749623546177	0.538313811163572	1.81034116834921	0.294758471036619	0.522169784955648	0.918732217849425	1.76934699706054	0.626706452950384	0.444333001249771	0.709830305581197	1	1	0.99316507477326
"Janthinobacterium"	"Proteobacteria"	"Oxalobacteraceae"	11.4019903333091	0.55421693316289	20.6470629139935	4.67625554135605e-10	-4.24219091500915	0.565586669645168	-7.52836149735658	1.40604953180213e-05	-0.693435256668418	0.565586669645168	-1.23128964574251	0.251602276462291	-0.0376471616445155	0.552779273327067	-0.0678551276033594	0.869455761979807	6.05725074544284e-08	0.00191345998832606	1	1
"Kaistia"	"Proteobacteria"	"Rhizobiaceae"	-3.27281181774276	1.43277015172591	-2.37443268047081	0.095000938381294	6.62653624504506	1.46216336959789	4.83637793986623	0.00219461059222998	2.02276288533521	1.46216336959789	1.50165392796978	0.295222496242647	-1.39211301894349	1.42905349137534	-1.02892638500956	0.372623702139301	0.893326151490314	0.185090850619543	0.98663578963086	1
"Kocuria"	"Actinobacteria"	"Micrococcaceae"	-3.39123868513805	1.87373539814359	-1.86168347980404	0.166948829117178	-1.90576307913051	1.91217499902845	-1.07425037491603	0.388694905713789	-1.51136520362267	1.91217499902845	-0.836860208372253	0.442778697104682	1.45141542983221	1.86887485714659	0.848553141479364	0.433521152267007	0.968133011905463	0.986405576613692	0.997380593634444	1
"Kocuria"	"Actinobacteria"	"Micrococcaceae"	-3.39123868513805	1.87373539814359	-1.86168347980404	0.166948829117178	-1.90576307913051	1.91217499902845	-1.07425037491603	0.388694905713789	-1.51136520362267	1.91217499902845	-0.836860208372253	0.442778697104682	1.45141542983221	1.86887485714659	0.848553141479364	0.433521152267007	0.968133011905463	0.986405576613692	0.997380593634444	1
"Lactobacillus"	"Firmicutes"	"Lactobacillaceae"	-3.72523816648005	1.84327518104907	-2.07094993570296	0.131105166727618	-2.21709544025315	1.88108989189388	-1.26941893008887	0.336181251446433	-0.522559186591402	1.88108989189388	-0.324053999565972	0.526349087743807	1.62892722342082	1.8384936550155	0.970293361344632	0.417414128177436	0.925754654624171	0.983325440298037	1	1
"Leadbetterella"	"Bacteroidetes"	"Cytophagaceae"	-5.66419297396752	1.67478907426734	-3.51117539408642	0.0150740363008224	2.78960407684839	1.70914729989778	1.72913932549611	0.200088664743828	2.33168897542518	1.70914729989778	1.45904910818811	0.262526225295745	0.0900788027916827	1.67044460761273	0.0137210390238192	0.61614140348216	0.566063600428847	0.977797464592033	0.985922052255954	1
"Legionella"	"Proteobacteria"	"Legionellaceae"	-5.4574870772948	1.805557202525	-3.16112418804605	0.0321877583620223	0.0408905273270108	1.84259813066705	0.0186522225627524	0.542392127993914	0.731189334563974	1.84259813066705	0.450096480088033	0.509403652426851	1.19421555901975	1.80087351836448	0.723141026527636	0.454034859178971	0.669519121095974	1	1	0.992718714474839
"Legionella"	"Proteobacteria"	"Legionellaceae"	-5.4574870772948	1.805557202525	-3.16112418804605	0.0321877583620223	0.0408905273270108	1.84259813066705	0.0186522225627524	0.542392127993914	0.731189334563974	1.84259813066705	0.450096480088033	0.509403652426851	1.19421555901975	1.80087351836448	0.723141026527636	0.454034859178971	0.669519121095974	1	1	0.992718714474839
"Limnohabitans"	"Proteobacteria"	"Comamonadaceae"	11.028605473273	0.509151086577294	21.7401219092468	2.76353729870677e-10	-1.04734417403012	0.519596299160411	-2.02499653318289	0.074139478661424	-1.48565649036906	0.519596299160411	-2.86860284322269	0.0167007028013784	0.58129102986215	0.507830329264159	1.14848174326391	0.285725979819426	3.60785556557754e-08	1	0.990018614127196	1
"Luteibacter"	"Proteobacteria"	"Xanthomonadaceae"	1.82959724048045	2.15292046372424	0.894617744776031	0.43324401270882	-2.4845970169651	2.19708753418915	-1.12514382879943	0.330965318430911	-4.91066809494147	2.19708753418915	-2.29263969069447	0.0705502705187665	2.35126738911006	2.14733570603242	1.12011863998375	0.336473412102129	1	1	0.991883336866139	1
"Luteolibacter"	"Verrucomicrobia"	"Verrucomicrobiaceae"	-3.41025509931267	1.76220358491219	-1.96872985572838	0.134652885049344	3.03738553578205	1.7983551154586	1.81613260170759	0.173857907576272	-1.79728874228881	1.7983551154586	-1.12430911479441	0.375509677076895	0.225257959199292	1.75763236168717	0.111985574422906	0.58161544159458	0.956597118461096	0.976376341949828	0.988272569654386	1
"Lysinibacillus"	"Firmicutes"	"Planococcaceae"	-3.36749248795189	1.92353778980771	-1.7883635328175	0.183108740551309	-1.86789134489058	1.96299908460974	-1.00372987423604	0.419546313727082	-1.60327569169457	1.96299908460974	-0.859436230004645	0.457330106670145	1.34316372339991	1.91854805950966	0.76754148791717	0.45676867441165	0.964188536310468	1	0.994719539136674	0.999947325248105
"Mesorhizobium"	"Proteobacteria"	"Phyllobacteriaceae"	12.5879982963878	0.441670533406232	28.6470369248949	1.53878972703538e-11	-1.72583777382809	0.45073138535126	-3.84944659295546	0.00330761636757424	-1.77488423812703	0.45073138535126	-3.95796987840398	0.00267486989906062	0.677378811805384	0.440524823218489	1.5456145096671	0.162110761224974	2.06727261852128e-09	0.38667876930437	0.34220999067554	1
"Methylibium"	"Proteobacteria"	"Comamonadaceae"	3.52786594785647	1.51339957163568	2.62792574975499	0.0837321127830204	2.43310909467475	1.54444689857983	1.62111582251059	0.138789734427901	4.18484391817405	1.54444689857983	2.77177875773382	0.0200358320562575	-3.68572082136064	1.50947375549853	-2.51030882870095	0.0323649734966033	0.798775087516571	1	0.999617131297297	1
"Methylibium"	"Proteobacteria"	"Comamonadaceae"	3.52786594785647	1.51339957163568	2.62792574975499	0.0837321127830204	2.43310909467475	1.54444689857983	1.62111582251059	0.138789734427901	4.18484391817405	1.54444689857983	2.77177875773382	0.0200358320562575	-3.68572082136064	1.50947375549853	-2.51030882870095	0.0323649734966033	0.798775087516571	1	0.999617131297297	1
"Methylobacterium"	"Proteobacteria"	"Methylobacteriaceae"	-1.43080337361423	2.62006116791836	-0.526979499195988	0.587096553170483	3.08542942281623	2.67381160978356	1.19992345695595	0.31767354860709	-0.792847833323306	2.67381160978356	-0.303664373595783	0.645965171534973	-2.96913774291788	2.61326462944557	-1.16727716159236	0.321929374115209	1	1	1	1
"Methylobacterium"	"Proteobacteria"	"Methylobacteriaceae"	-1.43080337361423	2.62006116791836	-0.526979499195988	0.587096553170483	3.08542942281623	2.67381160978356	1.19992345695595	0.31767354860709	-0.792847833323306	2.67381160978356	-0.303664373595783	0.645965171534973	-2.96913774291788	2.61326462944557	-1.16727716159236	0.321929374115209	1	1	1	1
"Methylophaga"	"Proteobacteria"	"Piscirickettsiaceae"	-4.36211492506832	1.8556844982032	-2.48971311813758	0.0816632897753807	-2.2112627755843	1.89375378565425	-1.24762485203144	0.347561656833902	0.280252248218676	1.89375378565426	0.195049262768547	0.553203799871608	1.08323962279706	1.85087078192824	0.659362185368621	0.470147842138838	0.851453821575623	0.972438532382168	1	1
"Methylotenera"	"Proteobacteria"	"Methylophilaceae"	-0.934681949089601	2.09642445803678	-0.389569664344373	0.611890048238473	-2.92581517822183	2.1394325153815	-1.43057321266279	0.277586886001234	-2.65727785245526	2.1394325153815	-1.32192361113252	0.291356602203066	0.159391474975283	2.09098625313576	0.0735353252029009	0.603651964437463	1	0.988923880360259	0.993621806153905	1
"Methyloversatilis"	"Proteobacteria"	"Rhodocyclaceae"	-3.66421276706702	1.92378555052616	-1.89156238570082	0.12345738208731	6.9649232181266	1.96325192812864	3.62030936263384	0.00538574987944576	3.86940955659103	1.96325192812864	2.04400312734905	0.104079161594267	0.132028514507563	1.91879517752737	0.0571787374490381	0.716197531877141	0.996076570704761	0.513843006575662	0.997317544923472	1
"Modestobacter"	"Actinobacteria"	"Geodermatophilaceae"	-4.65824551848776	2.03357649611861	-2.40883471219099	0.0761008740586329	-2.54730708471173	2.075295230235	-1.29120558887083	0.320155019838914	1.12567623787729	2.075295230235	0.588322200467816	0.530984094075198	1.36926877283471	2.02830132122481	0.771502290890214	0.485764359834328	0.886403903577742	0.994101616632621	1	1
"Mycobacterium"	"Actinobacteria"	"Mycobacteriaceae"	-0.132944706225306	2.41745313939858	-0.0153358987309382	0.729323679985723	-3.98243923207662	2.46704708629652	-1.6686632813984	0.185930435291995	0.332554382056997	2.46704708629652	0.147531058487059	0.654888756942638	-1.28759573492598	2.4111821738695	-0.549623633557931	0.561256184190775	1	0.996135698847865	1	1
"Mycobacterium"	"Actinobacteria"	"Mycobacteriaceae"	-0.132944706225306	2.41745313939858	-0.0153358987309382	0.729323679985723	-3.98243923207662	2.46704708629652	-1.6686632813984	0.185930435291995	0.332554382056997	2.46704708629652	0.147531058487059	0.654888756942638	-1.28759573492598	2.4111821738695	-0.549623633557931	0.561256184190775	1	0.996135698847865	1	1
"Mycoplana"	"Proteobacteria"	"Caulobacteraceae"	9.0417248158833	0.574962823822837	15.7858957837091	8.54985722937481e-09	0.28296062785115	0.586758161357303	0.481705232859301	0.644819657427406	0.880693165482902	0.586758161357303	1.50488104819508	0.165925790516213	-1.3465599334032	0.573471348356392	-2.35573623722483	0.0413312917683574	1.07445027960591e-06	1	1	1
"Nevskia"	"Proteobacteria"	"Sinobacteraceae"	4.61721178511053	1.30760154129675	3.74998677927015	0.0142196019023623	1.72070599556767	1.33442693052389	1.31164467574311	0.219954636517012	2.82777709860986	1.33442693052389	2.14832299119806	0.0571185676307186	-3.16841938955263	1.30420957308955	-2.48443131872643	0.0339451912810215	0.468060777389285	1	1	1
"Nitrospira"	"Nitrospirae"	"Nitrospiraceae"	-6.75490564129694	1.80287636845084	-3.93987390350515	0.0113416023206164	2.79520460228936	1.83986229939747	1.6296959831439	0.207235404320654	3.43929685020461	1.83986229939747	1.96084621507667	0.158012959626095	2.20363217182359	1.79819963847602	1.35980373291718	0.317531466920864	0.451422891616506	0.985905785907545	0.948765844736951	0.994273828680761
"Novosphingobium"	"Proteobacteria"	"Sphingomonadaceae"	2.14427238668898	1.66129882645566	1.45947631272397	0.271045153977318	3.92955193241189	1.69538030023403	2.39889275397092	0.0419168840140272	0.451291927676491	1.69538030023403	0.257574266143794	0.755377236599022	-0.526428485505569	1.65698935401773	-0.364838767474692	0.683516425323811	0.989770644618567	0.995944505265336	1	1
"Novosphingobium"	"Proteobacteria"	"Sphingomonadaceae"	2.14427238668898	1.66129882645566	1.45947631272397	0.271045153977318	3.92955193241189	1.69538030023403	2.39889275397092	0.0419168840140272	0.451291927676491	1.69538030023403	0.257574266143794	0.755377236599022	-0.526428485505569	1.65698935401773	-0.364838767474692	0.683516425323811	0.989770644618567	0.995944505265336	1	1
"Opitutus"	"Verrucomicrobia"	"Opitutaceae"	-0.0803408973291069	1.28594551389536	0.011554315199268	0.690576474332603	4.98114742634021	1.31232663065431	3.99967799722905	0.00461733565131876	2.98782389257653	1.31232663065431	2.41186763534175	0.0697778359964163	-2.44022270125396	1.28260972224815	-1.9327494834557	0.0914723055741391	1	0.392672360347308	0.955684759395432	1
"Paenibacillus"	"Firmicutes"	"Paenibacillaceae"	-0.165709072910012	2.01902060217719	-0.0429014345560786	0.694158679136915	-1.34898545229293	2.06044072275712	-0.701923343513684	0.497639159626246	-3.00471533050167	2.06044072275712	-1.51806659758893	0.216889412406826	-0.407988482964733	2.01378318582673	-0.193593048085918	0.603180732593011	1	1	1	1
"Paenibacillus"	"Firmicutes"	"Paenibacillaceae"	-0.165709072910012	2.01902060217719	-0.0429014345560786	0.694158679136915	-1.34898545229293	2.06044072275712	-0.701923343513684	0.497639159626246	-3.00471533050167	2.06044072275712	-1.51806659758893	0.216889412406826	-0.407988482964733	2.01378318582673	-0.193593048085918	0.603180732593011	1	1	1	1
"Paracoccus"	"Proteobacteria"	"Rhodobacteraceae"	-3.44917522509262	1.96451212122547	-1.77188482839107	0.151223060214255	-0.932400382248478	2.00481400266945	-0.474496092352177	0.536704245244224	-0.408137141962193	2.00481400266945	-0.21764964114144	0.555940196381328	0.215413056727793	1.95941610195094	0.116189393114441	0.575113737719184	0.994247245994796	1	1	1
"Paracoccus"	"Proteobacteria"	"Rhodobacteraceae"	-3.44917522509262	1.96451212122547	-1.77188482839107	0.151223060214255	-0.932400382248478	2.00481400266945	-0.474496092352177	0.536704245244224	-0.408137141962193	2.00481400266945	-0.21764964114144	0.555940196381328	0.215413056727793	1.95941610195094	0.116189393114441	0.575113737719184	0.994247245994796	1	1	1
"Parvibaculum"	"Proteobacteria"	"Hyphomicrobiaceae"	-2.969447165541	1.49686496045923	-2.05003257081367	0.103030575234081	2.7427012688652	1.52757308056818	1.88223226754722	0.150122006256966	0.183818705417225	1.52757308056818	0.0901488540990478	0.556452535988104	-1.61062323055597	1.49298203573331	-1.12126613121537	0.365666101397486	0.969423306814814	0.975934413831654	1	0.996002474531689
"Pedobacter"	"Bacteroidetes"	"Sphingobacteriaceae"	-2.35088384650015	2.02518923597002	-1.17144626975889	0.339997516282393	2.50036372386021	2.06673590580618	1.26012085896323	0.305691654157392	-4.49406512647208	2.06673590580618	-2.28033126340254	0.0901311139621277	2.9235642443438	2.01993581794853	1.54638034110546	0.241857239350038	1	1	0.943773930329452	0.993445892746705
"Pedomicrobium"	"Proteobacteria"	"Hyphomicrobiaceae"	-4.28778744504238	1.61165548006233	-2.75016492871148	0.0453626576598129	4.12642614005634	1.6447185227304	2.64357535622697	0.0548838300315633	2.08842784260444	1.6447185227304	1.31711557709649	0.31904795914868	-1.00325071676349	1.60747478435597	-0.632859811456753	0.51519925287394	0.816280769230036	0.882083840204089	0.988802866486475	1
"Pedosphaera"	"Verrucomicrobia"	"[Pedosphaeraceae]"	-8.0721071458387	2.62149896185415	-3.12060553520432	0.0179838892928611	3.53053537604149	2.67527889999994	1.36349931703635	0.275525492616516	2.37155088855887	2.67527889999994	0.893477547082862	0.436825256503184	4.09847845901759	2.61469869368912	1.61275473904029	0.204598870561462	0.726665189041493	1	1	0.995077837142051
"Perlucidibaca"	"Proteobacteria"	"Moraxellaceae"	7.78044416643724	1.74572809089186	4.53802671510117	0.00128498401756207	-3.25826093929162	1.78154162738898	-1.8402672491126	0.0943151410785524	0.775052761442988	1.78154162738898	0.46433784279803	0.656282355846817	-2.69438550240261	1.74119960572591	-1.55857271289602	0.149299405748834	0.134267853490139	1	1	1
"Phaeospirillum"	"Proteobacteria"	"Rhodospirillaceae"	-3.62950672465214	1.71598135479415	-2.18001950914922	0.120233818806505	1.17710983154524	1.75118463828311	0.743788874811848	0.441597302747305	-0.398072019565039	1.75118463828311	-0.306192531665926	0.539645338139144	-0.857143621345527	1.71153003379476	-0.525231562263775	0.511202670336278	0.918097878513453	1	1	1
"Phaeospirillum"	"Proteobacteria"	"Rhodospirillaceae"	-3.62950672465214	1.71598135479415	-2.18001950914922	0.120233818806505	1.17710983154524	1.75118463828311	0.743788874811848	0.441597302747305	-0.398072019565039	1.75118463828311	-0.306192531665926	0.539645338139144	-0.857143621345527	1.71153003379476	-0.525231562263775	0.511202670336278	0.918097878513453	1	1	1
"Phenylobacterium"	"Proteobacteria"	"Caulobacteraceae"	7.11584995808467	0.458974178627772	15.5766445178445	1.02227527312034e-08	0.27679902777965	0.46839001410827	0.592237153842504	0.57549793477307	-0.00118577154365236	0.46839001410827	-0.00341368032901102	0.872861146821201	0.00300889585450376	0.457783582125194	0.00759229773982482	0.84863223997181	1.28152407318947e-06	1	1	1
"Phormidium"	"Cyanobacteria"	"Phormidiaceae"	-6.27020599360662	2.67573747146495	-2.39020401364782	0.0570937503116146	0.361993671432704	2.73063011029627	0.149030781970708	0.691719359829332	4.30548014472095	2.73063011029627	1.63413072482368	0.191902354649375	2.95812232037874	2.66879650653994	1.14162343103517	0.329320902428568	0.940069032310071	1	0.991283179823239	1
"Phycicoccus"	"Actinobacteria"	"Intrasporangiaceae"	-5.2576340925582	1.88307153427617	-2.88990534166891	0.0369084301855753	-0.0549791880943899	1.92170266559115	-0.0368936731047083	0.584917646806011	0.34516137651868	1.92170266559115	0.219838618248426	0.536889809773528	1.41939204219347	1.87818677498641	0.794896880766642	0.482668446090279	0.777275481664872	1	1	1
"Phyllobacterium"	"Proteobacteria"	"Phyllobacteriaceae"	-1.06359466751775	2.19881325563698	-0.431198471279889	0.621935909379901	-0.152492203476865	2.24392181474877	-0.0585655814393871	0.664297197440539	-3.0491033352881	2.24392181474877	-1.41195460179204	0.249920416377225	0.366218483784944	2.19310945029479	0.129518636214329	0.644811924589188	1	1	1	1
"Pirellula"	"Planctomycetes"	"Pirellulaceae"	-3.79025472929837	1.94275036594251	-2.01914385325844	0.128516816004589	1.94402333344127	1.98260580591537	1.05148880956419	0.386417021702873	0.107133724608483	1.98260580591537	0.0924970403944348	0.577430677477087	-0.886176581018144	1.93771079749013	-0.49033456859298	0.534238951701636	0.96100652914871	1	1	1
"Planctomyces"	"Planctomycetes"	"Planctomycetaceae"	-1.44243309017034	1.66180859794015	-0.83644036160878	0.452046217981451	7.62649404734809	1.69590052965854	4.64890904372725	0.00131393044908758	0.636341270581294	1.69590052965854	0.420826051331163	0.597162739631931	-1.52394276408953	1.65749780313558	-0.961901970406924	0.412997700356633	1	0.159303401614405	1	1
"Polaromonas"	"Proteobacteria"	"Comamonadaceae"	1.2177055817224	2.12337848304785	0.612314645272512	0.54432687048595	4.33222019746507	2.16693950105323	2.13773241945822	0.116627364417024	-4.78318288263649	2.16693950105323	-2.32191699607213	0.0841480434016811	-2.28944883003196	2.11787035837922	-1.10958983480614	0.350959259492794	1	0.961494991497698	0.930333683245328	1
"Polynucleobacter"	"Proteobacteria"	"Oxalobacteraceae"	6.28517012348219	0.659161293418032	9.56595149366215	1.39253911836467e-06	0.0770670462162116	0.672683958925039	0.115951232235953	0.866206893981415	-1.81192156267592	0.67268395892504	-2.70084491050481	0.0222832811433774	-0.51497942134128	0.657451403914173	-0.784726836365472	0.457962223731188	0.000164028511115648	1	0.998844886862147	1
"Pontibacter"	"Bacteroidetes"	"Cytophagaceae"	-4.92538162245138	1.65729666625025	-3.15451871879911	0.0333800323721368	-0.721402986105968	1.69129603588461	-0.437982672886799	0.502046831113321	0.138836935464662	1.69129603588461	0.0884311892599239	0.545762987690251	0.947080185759052	1.65299757556835	0.628904879066898	0.479605411868342	0.689372865309278	1	0.999141895627827	1
"[Prevotella]"	"Bacteroidetes"	"[Paraprevotellaceae]"	-2.7506332728927	1.63248923749018	-1.71548388156308	0.191831588819976	-1.81135211893732	1.66597968379339	-1.2338050006164	0.369713517951101	-0.936630787737527	1.66597968379339	-0.579122119051313	0.458849614004645	-0.699672756403361	1.62825449822345	-0.452407402859804	0.491292285113385	0.971651986933541	0.958764939815896	0.996994683014194	1
"Propionivibrio"	"Proteobacteria"	"Rhodocyclaceae"	-4.72865705467491	2.01348358356897	-2.3942154615385	0.0740702252991412	-1.13383930553206	2.05479011245095	-0.564131965285115	0.530144901948639	1.60288024733193	2.05479011245095	0.824314809872628	0.480107392973267	0.202394570403613	2.0082605304557	0.0775388406742087	0.57977728175272	0.912989956120518	1	0.997004093730348	1
"Prosthecobacter"	"Verrucomicrobia"	"Verrucomicrobiaceae"	1.06172861763218	1.00461949545936	1.42413105784818	0.320203662684921	3.19313263656171	1.02522922108276	3.42120498155371	0.014828673567859	4.77066528858312	1.02522922108276	5.04316187422861	0.00148854438556313	-2.93149536559064	1.00201347422023	-3.12692739245729	0.0161315457874859	0.955690081388603	0.620066348242047	0.175580400765924	0.817556277555361
"Pseudanabaena"	"Cyanobacteria"	"Pseudanabaenaceae"	-6.70001701488021	2.03665827968353	-3.37954002892453	0.0159480289200919	2.69632807362375	2.07844023645685	1.37061920695931	0.29415385998847	2.42338002938686	2.07844023645685	1.23565696421874	0.338278144024848	2.00411402689482	2.03137511052577	0.992906989841969	0.381371220685497	0.638909865120589	1	0.993241628792471	0.99909178076156
"Pseudomonas"	"Proteobacteria"	"Pseudomonadaceae"	14.4923286347813	0.420960345195318	34.6009646847968	1.91161534291859e-12	-3.05368695414089	0.429596328522361	-7.14420963499123	2.48105801838016e-05	0.317763070291986	0.429596328522362	0.74418657138688	0.483661683862423	-0.346626282106485	0.419868358024685	-0.831011880662525	0.439772528365403	2.59802856859365e-10	0.00333714976536321	1	1
"Pseudomonas"	"Proteobacteria"	"Pseudomonadaceae"	14.4923286347813	0.420960345195318	34.6009646847968	1.91161534291859e-12	-3.05368695414089	0.429596328522361	-7.14420963499123	2.48105801838016e-05	0.317763070291986	0.429596328522362	0.74418657138688	0.483661683862423	-0.346626282106485	0.419868358024685	-0.831011880662525	0.439772528365403	2.59802856859365e-10	0.00333714976536321	1	1
"Pseudonocardia"	"Actinobacteria"	"Pseudonocardiaceae"	-3.74502615788282	1.72720780132079	-2.28465586953435	0.110862213680051	-2.13384280109972	1.76264139487607	-1.36563820767303	0.336288882535274	0.697466246702101	1.76264139487607	0.491228600943294	0.512284974328661	-0.603751139528303	1.72272735849146	-0.360709049455561	0.499219626621449	0.880918214202205	0.970413500404566	0.986588227759727	1
"Pseudoxanthomonas"	"Proteobacteria"	"Xanthomonadaceae"	7.31131067937136	0.672128818434499	10.9193734998814	3.81853852329721e-07	0.0553709989108373	0.685917512157972	0.0802588746724173	0.883033425875184	-2.0952913571198	0.685917512157972	-3.06526834471041	0.0116890604391961	-0.108604846364859	0.670385290676789	-0.162400959766271	0.845957232329517	4.58424474969064e-05	1	0.943814985954772	1
"Pseudoxanthomonas"	"Proteobacteria"	"Xanthomonadaceae"	7.31131067937136	0.672128818434499	10.9193734998814	3.81853852329721e-07	0.0553709989108373	0.685917512157972	0.0802588746724173	0.883033425875184	-2.0952913571198	0.685917512157972	-3.06526834471041	0.0116890604391961	-0.108604846364859	0.670385290676789	-0.162400959766271	0.845957232329517	4.58424474969064e-05	1	0.943814985954772	1
"Rheinheimera"	"Proteobacteria"	"[Chromatiaceae]"	13.3995657060054	0.365423847502931	36.8877171812575	1.0117420702641e-12	-2.75420946299919	0.372920501974921	-7.4343947083263	1.92464640761388e-05	-1.34596816151532	0.372920501974921	-3.63142814502583	0.00486586335646284	0.372597097525774	0.364475924122804	1.02807362768578	0.346675998332014	1.38230807246837e-10	0.00259141963359607	0.566471283040679	1
"Rhodobacter"	"Proteobacteria"	"Rhodobacteraceae"	8.35012638083602	0.736269589274382	11.3648472796653	2.32531507802711e-07	1.2446199917476	0.751374128145453	1.65885605953991	0.12868317387276	0.0460580484932345	0.751374128145454	0.0619971939392981	0.90492453839874	-0.853998061553478	0.734359677913866	-1.16573928212285	0.273994995769073	2.82533198371197e-05	1	1	1
"Rhodobacter"	"Proteobacteria"	"Rhodobacteraceae"	8.35012638083602	0.736269589274382	11.3648472796653	2.32531507802711e-07	1.2446199917476	0.751374128145453	1.65885605953991	0.12868317387276	0.0460580484932345	0.751374128145454	0.0619971939392981	0.90492453839874	-0.853998061553478	0.734359677913866	-1.16573928212285	0.273994995769073	2.82533198371197e-05	1	1	1
"Rhodococcus"	"Actinobacteria"	"Nocardiaceae"	-4.53279746082561	1.90359231493697	-2.4637706066486	0.0707929717425124	-2.36708013728049	1.94264442918221	-1.26945356407665	0.32064650040685	0.564793817120528	1.94264442918221	0.322061158534906	0.568383972538329	1.418990436323	1.8986543239605	0.805919624038352	0.453844773925013	0.868022362906044	0.989678668181791	1	1
"Rhodoferax"	"Proteobacteria"	"Comamonadaceae"	9.81175441451892	0.44819646575989	22.0085411681785	2.64354866333011e-10	-1.63114419944442	0.457391196925711	-3.58776254850757	0.00529080663182568	-0.959083700981036	0.457391196925711	-2.10679284746154	0.0640131568094739	-0.713759578729428	0.447033827055036	-1.60310970557828	0.147834387239531	3.45520796480676e-08	0.552542483787516	1	1
"Rhodoplanes"	"Proteobacteria"	"Hyphomicrobiaceae"	-2.26191755578732	1.55280245482077	-1.40726754819142	0.238372844750625	7.09786199929133	1.58465813021414	4.70337600163155	0.00182718675735999	-1.02944927022076	1.58465813021414	-0.719964496589108	0.470872395502487	-1.34512925603884	1.54877442610371	-0.98999552531767	0.408957176971149	1	0.195987353095369	1	0.999450376882699
"Rickettsia"	"Proteobacteria"	"Rickettsiaceae"	-2.62611975235458	2.10943829305498	-1.23758702988054	0.314237068045704	3.22430926277328	2.15271332866385	1.55945743884891	0.202392738860759	-2.94030695515799	2.15271332866385	-1.45321258937347	0.238651000382294	2.21014262288465	2.1039663297702	1.10536402629196	0.358653041641881	0.999944291745671	0.999316904509299	0.995200330997435	1
"Roseococcus"	"Proteobacteria"	"Acetobacteraceae"	-1.98770439279742	1.39314790008428	-1.45361661251658	0.231771712560834	6.78819925784273	1.42172826917261	5.12935574668789	0.00132561303762541	-0.777233834233324	1.42172826917261	-0.568647014310738	0.52314052029513	-0.404823411354733	1.38953402136376	-0.294288887028826	0.580494615338897	0.9964982817138	0.145354886245656	1	1
"Rothia"	"Actinobacteria"	"Micrococcaceae"	-3.67265044508316	1.89080459778004	-1.94677894440741	0.145375554101056	-3.11661018624252	1.9295943725593	-1.78712853958482	0.228589060698035	-0.0679633679635703	1.9295943725593	-0.0768255880650691	0.575815038408413	2.78366920903878	1.88589977862899	1.5668662463024	0.243145400359712	0.976281224960427	0.938615843688866	1	0.994911009420266
"Rothia"	"Actinobacteria"	"Micrococcaceae"	-3.67265044508316	1.89080459778004	-1.94677894440741	0.145375554101056	-3.11661018624252	1.9295943725593	-1.78712853958482	0.228589060698035	-0.0679633679635703	1.9295943725593	-0.0768255880650691	0.575815038408413	2.78366920903878	1.88589977862899	1.5668662463024	0.243145400359712	0.976281224960427	0.938615843688866	1	0.994911009420266
"Rubrivivax"	"Proteobacteria"	"Comamonadaceae"	4.77103452658605	1.14501547766429	4.71524769463646	0.0151797478217675	0.790842575659578	1.16850542080781	0.678915755954209	0.514370890036878	3.05083711043659	1.16850542080781	2.73602308182594	0.0242945566205736	-2.88887065506406	1.14204526389937	-2.67305874762767	0.029102015427109	0.272867231687673	1	0.984707516861707	0.979936217870279
"Ruminococcus"	"Firmicutes"	"Ruminococcaceae"	-3.34564844947315	1.56091767362588	-2.20655280864569	0.105405986409972	-1.52003684055637	1.59293983238306	-1.02484181706405	0.412934462262849	-0.848148167051882	1.59293983238306	-0.607263197954102	0.465340816151822	-0.179937472691644	1.55686859372211	-0.129760544918779	0.477383083591619	0.922104770795479	0.979735241235254	0.997001425286701	1
"Runella"	"Bacteroidetes"	"Cytophagaceae"	4.41639655838419	1.55103163145847	3.03152499256644	0.0255044209294635	-6.26634916779473	1.58285097848693	-4.07445283469225	0.00272777468267673	1.94552226841052	1.58285097848693	1.27429974382818	0.268426371433131	0.275870122313422	1.54700819632466	0.182354387363817	0.726915908938461	0.730228341278335	0.314121724680049	1	1
"Salinibacterium"	"Actinobacteria"	"Microbacteriaceae"	2.3872040312841	1.77865240974211	1.43506445880418	0.216290104635587	-0.392902193167322	1.81514138722053	-0.240286370619654	0.736385201444658	3.07415218276005	1.81514138722053	1.74146483948166	0.141433667404943	-3.02987852665108	1.77403851763892	-1.71376838660399	0.118837267673652	1	1	1	1
"Salinibacterium"	"Actinobacteria"	"Microbacteriaceae"	2.3872040312841	1.77865240974211	1.43506445880418	0.216290104635587	-0.392902193167322	1.81514138722053	-0.240286370619654	0.736385201444658	3.07415218276005	1.81514138722053	1.74146483948166	0.141433667404943	-3.02987852665108	1.77403851763892	-1.71376838660399	0.118837267673652	1	1	1	1
"Salinicoccus"	"Firmicutes"	"Staphylococcaceae"	-3.32187734296954	1.71682453189428	-1.98322935164306	0.128638987407939	-1.72873434198185	1.75204511312508	-1.12507380957693	0.348560474700923	-0.885718150447781	1.75204511312508	-0.539308934748089	0.47825235193632	-0.15422112350788	1.71237102366137	-0.150959079258534	0.558901037824248	0.970873757794188	0.981333814624496	0.999561438150125	1
"SC3-56"	"Bacteroidetes"	"[Amoebophilaceae]"	-6.01814337537844	1.73397013651686	-3.67327012798748	0.0153208948992953	0.880677021216516	1.76954245908706	0.596762512794919	0.477925020774778	1.10189595763931	1.76954245908706	0.651526924635476	0.455233016556811	2.07720074779102	1.72947215193245	1.28896228340784	0.325162587672579	0.528146473353683	1	1	0.99066820307684
"Sediminibacterium"	"Bacteroidetes"	"Chitinophagaceae"	4.79041426524789	1.50077442551677	3.3725847503329	0.0174671845993853	2.05784401241385	1.53156274813276	1.37131676488138	0.202397854371954	3.92906077129707	1.53156274813276	2.61229064372553	0.0264991506837618	-2.84346356460963	1.49688135948957	-1.93062202655623	0.0831566240623165	0.612282265346017	1	0.999714385115491	1
"SGSH944"	"SAR406"	"A714017"	-4.52383842720467	1.79921603501916	-2.66312256183465	0.060863598804447	-2.28226067569391	1.83612687438329	-1.31536110951316	0.323120660764431	0.590650166590642	1.83612687438329	0.405742476631195	0.512347220123199	1.13291764559172	1.79454880008869	0.681539429923704	0.435550179705987	0.806165985785398	0.986141611789344	1	1
"Shewanella"	"Proteobacteria"	"Shewanellaceae"	-2.05556404357135	1.69277036104343	-1.21604813921581	0.329643916919175	-2.43921907801441	1.7274974719966	-1.52665761331219	0.296860793402234	-1.85278854772617	1.7274974719966	-1.13377303683314	0.36201456551203	0.230617192029006	1.68837925024597	0.12351926141184	0.494821472520515	1	0.966668413526073	1	1
"Sphingobium"	"Proteobacteria"	"Sphingomonadaceae"	0.190846201424482	1.31413461962223	0.299896694753133	0.602153532373007	4.07839127086549	1.34109403466947	3.16836255422978	0.0133558149436113	3.54215903018854	1.34109403466947	2.69878813632405	0.023473711662147	-0.23424005188283	1.31072570436099	-0.192092972941676	0.723659402339387	1	0.763405411842687	0.991549365046005	1
"Sphingomonas"	"Proteobacteria"	"Sphingomonadaceae"	6.63956063192278	0.325048127660102	20.6391625550009	6.92108712854517e-10	1.15552177235621	0.33171647598079	3.52257204564499	0.00692872835715518	0.213190178091875	0.33171647598079	0.652487004755468	0.549431379751325	-0.317542262647563	0.324204940435238	-0.986224098316731	0.373915079867712	8.93036148725018e-08	0.608885394611322	1	1
"Sphingomonas"	"Proteobacteria"	"Sphingomonadaceae"	6.63956063192278	0.325048127660102	20.6391625550009	6.92108712854517e-10	1.15552177235621	0.33171647598079	3.52257204564499	0.00692872835715518	0.213190178091875	0.33171647598079	0.652487004755468	0.549431379751325	-0.317542262647563	0.324204940435238	-0.986224098316731	0.373915079867712	8.93036148725018e-08	0.608885394611322	1	1
"Sphingopyxis"	"Proteobacteria"	"Sphingomonadaceae"	-2.06518849374657	1.59696786981934	-1.26009589496419	0.296980005959191	9.89441061428643	1.6297295967967	6.40551628535251	0.000230214883045762	-1.55932817703495	1.6297295967967	-1.0467731653613	0.382126067602161	-0.113504493805471	1.59282527433342	-0.0808282654014729	0.668884117555174	1	0.0290731398783466	1	1
"Spirochaeta"	"Spirochaetes"	"Spirochaetaceae"	-5.00425512122744	1.7575361142493	-2.98427996436211	0.0404662123786086	-0.470823843610745	1.79359189183636	-0.272456920191962	0.52805769538599	0.398121270188884	1.79359189183636	0.257155423076715	0.533198677614155	1.11083567892053	1.75297699862098	0.678179067781828	0.459697908861007	0.750017149245171	1	0.99744521876658	1
"Staphylococcus"	"Firmicutes"	"Staphylococcaceae"	4.86148828027299	1.53889004347894	3.2925289602077	0.0131440984257572	-7.90300736302249	1.57046030635363	-5.16230793468826	0.000568892324236415	-1.02791985372638	1.57046030635363	-0.651192675881659	0.523707082711543	0.790575330820715	1.53489810408685	0.559045801435511	0.572821607958971	0.636671122561952	0.0701512093630535	1	1
"Staphylococcus"	"Firmicutes"	"Staphylococcaceae"	4.86148828027299	1.53889004347894	3.2925289602077	0.0131440984257572	-7.90300736302249	1.57046030635363	-5.16230793468826	0.000568892324236415	-1.02791985372638	1.57046030635363	-0.651192675881659	0.523707082711543	0.790575330820715	1.53489810408685	0.559045801435511	0.572821607958971	0.636671122561952	0.0701512093630535	1	1
"Stenotrophomonas"	"Proteobacteria"	"Xanthomonadaceae"	2.25339780728418	2.57583111292293	0.914634799854975	0.407001110321815	-3.00538628244578	2.6286741771174	-1.15633999807151	0.301814409657732	-2.98722431760166	2.6286741771174	-1.14969097034515	0.295031370670049	3.03305827534487	2.56914930889761	1.19965748227133	0.276594948952445	1	1	1	1
"Stenotrophomonas"	"Proteobacteria"	"Xanthomonadaceae"	2.25339780728418	2.57583111292293	0.914634799854975	0.407001110321815	-3.00538628244578	2.6286741771174	-1.15633999807151	0.301814409657732	-2.98722431760166	2.6286741771174	-1.14969097034515	0.295031370670049	3.03305827534487	2.56914930889761	1.19965748227133	0.276594948952445	1	1	1	1
"Steroidobacter"	"Proteobacteria"	"Sinobacteraceae"	-4.48879964161327	1.99783586178474	-2.28799169570266	0.0709526050587034	2.48285677051218	2.03882137832914	1.2669778447723	0.290206185168768	0.402241660234685	2.03882137832914	0.190764362589404	0.635040826548729	1.19486439270655	1.99265339945782	0.637324519198722	0.497757164057482	0.94869056438353	1	1	1
"Streptococcus"	"Firmicutes"	"Streptococcaceae"	-2.74546576330946	2.27515652416995	-1.20726163902323	0.306032172907109	-1.69787707996126	2.32183126214326	-0.763948709758305	0.481906600224136	1.34778220294694	2.32183126214326	0.594840784737458	0.577685983650394	2.45583537001154	2.26925468148113	1.13388585592455	0.334049808620736	1	1	1	1
"Streptomyces"	"Actinobacteria"	"Streptomycetaceae"	-4.45645696266117	1.71502197455566	-2.72607727576838	0.0441961255560128	-1.82719853319747	1.7502055764004	-1.19398810307715	0.379433042687652	0.409429313601943	1.7502055764004	0.276246509976043	0.52508044595649	1.10478928153119	1.71057314222515	0.73874581298161	0.43988312255972	0.839625390169925	0.986840375567394	0.993800411152273	0.994393773451759
"Sulfuritalea"	"Proteobacteria"	"Rhodocyclaceae"	-5.26153155414298	1.65700368729537	-3.38812609223209	0.0268349763847387	-0.256200472908883	1.6909970464791	-0.16193217739312	0.547354843070424	0.296613287055306	1.6909970464791	0.247769411397486	0.508366032230808	1.32152482174034	1.65270535661204	0.879737662166218	0.423815071693907	0.632610431197934	1	0.992510530194639	0.990884020634663
"Terracoccus"	"Actinobacteria"	"Intrasporangiaceae"	-4.69226671097216	1.8282246256029	-2.70104175344707	0.0706449280773364	-2.1068189647141	1.86573057495181	-1.23787343977185	0.378262069685263	0.832564725698129	1.86573057495181	0.502132144261619	0.517368872145415	1.15144981386142	1.82348214128346	0.704419151604078	0.470875243341602	0.795620373776382	0.969619803997436	1	0.992138224176343
"Thauera"	"Proteobacteria"	"Rhodocyclaceae"	-3.51794251641342	1.80392808473888	-1.97298287492429	0.126765568505592	-2.3910347632664	1.8409355915998	-1.38465208303363	0.314129879150597	1.07753926767515	1.8409355915998	0.630236321581164	0.5194247559869	-0.744905169556346	1.79924862657195	-0.474638564292825	0.56334460596415	0.971268695928311	0.973793420115155	0.996966121996671	1
"Thermomonas"	"Proteobacteria"	"Xanthomonadaceae"	-3.81638755725363	2.41335332514816	-1.58069377797749	0.17665038069956	-0.0237220026040703	2.46286316453356	0.00277101897726421	0.652867358713848	0.781045844220795	2.46286316453356	0.328857857260374	0.652144262350423	0.681156149237956	2.40709299469341	0.26477012702259	0.634991018904055	0.997226856016422	1	1	1
"Thermomonas"	"Proteobacteria"	"Xanthomonadaceae"	-3.81638755725363	2.41335332514816	-1.58069377797749	0.17665038069956	-0.0237220026040703	2.46286316453356	0.00277101897726421	0.652867358713848	0.781045844220795	2.46286316453356	0.328857857260374	0.652144262350423	0.681156149237956	2.40709299469341	0.26477012702259	0.634991018904055	0.997226856016422	1	1	1
"Tsukamurella"	"Actinobacteria"	"Tsukamurellaceae"	-2.4884988157477	1.68670027570177	-1.51807163354505	0.237165733089603	-1.97038191120794	1.72130285911594	-1.23630394138035	0.35732833023488	-1.33051777852349	1.72130285911594	-0.836524869807338	0.422800652237256	-0.63428906095161	1.68232491093692	-0.382470953835158	0.509349526680465	0.985890066053173	0.978302021854347	0.989671791466558	0.993607827157629
"Veillonella"	"Firmicutes"	"Veillonellaceae"	-4.45678330503238	1.70338844183999	-2.79293900299974	0.0608034768607056	-1.89329361545838	1.73833338226278	-1.24704265568996	0.344398684523974	0.362399369672439	1.73833338226278	0.273408394873072	0.510320186503011	0.860783396444318	1.69896978733648	0.557927664224811	0.47201124452567	0.771334542143881	0.959702883703815	1	1
"Xanthobacter"	"Proteobacteria"	"Xanthobacteraceae"	3.30922912963405	1.55459521991834	2.28462643874437	0.0770316547766943	1.19164065660834	1.58648767381037	0.813183389182383	0.471615555060266	-7.00132735652225	1.58648767381037	-4.66083081156664	0.00205010064993014	-1.1733141318075	1.55056254070032	-0.750248791889941	0.474748617993753	0.946918073063686	1	0.230855933127167	1
"Xanthobacter"	"Proteobacteria"	"Xanthobacteraceae"	3.30922912963405	1.55459521991834	2.28462643874437	0.0770316547766943	1.19164065660834	1.58648767381037	0.813183389182383	0.471615555060266	-7.00132735652225	1.58648767381037	-4.66083081156664	0.00205010064993014	-1.1733141318075	1.55056254070032	-0.750248791889941	0.474748617993753	0.946918073063686	1	0.230855933127167	1
"Zoogloea"	"Proteobacteria"	"Rhodocyclaceae"	-0.319965926115713	1.7249010588539	-0.0641178521735329	0.646457070167774	0.30899491177928	1.76028732968696	0.154157782428176	0.72625863857987	9.3000950498156	1.76028732968696	5.45717722261964	0.000502340149564696	-2.77378808168435	1.7204265998024	-1.68281054106642	0.168506329060468	1	1	0.0591729163721919	1
