"Genus"	"Phylum"	"Family"	"kw.ep"	"kw.eBH"	"glm.ep"	"glm.eBH"
"Acetobacter"	"Proteobacteria"	"Acetobacteraceae"	0.434652201119896	0.504118425111366	0.403819375603893	0.467711879120874
"Achromobacter"	"Proteobacteria"	"Alcaligenaceae"	0.412148124173032	0.483781485748684	0.374578966253921	0.44581541040539
"Acidiphilium"	"Proteobacteria"	"Acetobacteraceae"	0.360761153672398	0.428431595281531	0.365645695879788	0.426233822102257
"Acidovorax"	"Proteobacteria"	"Comamonadaceae"	0.000662447351641649	0.00370657749729481	2.90028001127569e-05	0.000159477276194356
"Acinetobacter"	"Proteobacteria"	"Moraxellaceae"	0.495058664319009	0.570476098950691	0.262304825166161	0.345264822224041
"Actinomyces"	"Actinobacteria"	"Actinomycetaceae"	0.183614296391068	0.238245256469854	0.211740406061163	0.262049343399871
"Aerococcus"	"Firmicutes"	"Aerococcaceae"	0.156728347996189	0.209502280028243	0.182011488163972	0.232682540388862
"Aggregatibacter"	"Proteobacteria"	"Pasteurellaceae"	0.134608541784715	0.188942242158893	0.177321998095265	0.224443460990674
"Agrobacterium"	"Proteobacteria"	"Rhizobiaceae"	0.0335519000927597	0.0722187924051978	0.0181960156050293	0.0389075224763037
"Alkaliphilus"	"Firmicutes"	"Clostridiaceae"	0.1801316770768	0.235976454844588	0.215077936531178	0.266106913513427
"Anaerococcus"	"Firmicutes"	"[Tissierellaceae]"	0.088528355344155	0.132870167790127	0.100137647363169	0.14015208412867
"Ancylobacter"	"Proteobacteria"	"Xanthobacteraceae"	0.141174737979774	0.19372704672348	0.150272438623224	0.195913358147861
"Anoxybacillus"	"Firmicutes"	"Bacillaceae"	0.337127458549255	0.408905486224043	0.360919432335209	0.420015558426197
"Aquicella"	"Proteobacteria"	"Coxiellaceae"	2.62164885328524e-05	0.000522900042147585	6.06144908820018e-06	3.18688778647419e-05
"Arcobacter"	"Proteobacteria"	"Campylobacteraceae"	0.176166130612474	0.245161304436056	0.260439013423377	0.321433710860396
"Arcobacter"	"Proteobacteria"	"Campylobacteraceae"	0.176166130612474	0.245161304436056	0.260439013423377	0.321433710860396
"Arthrobacter"	"Actinobacteria"	"Micrococcaceae"	0.00298704432111468	0.0118525447700774	0.000989034374999375	0.00348999236987179
"Asticcacaulis"	"Proteobacteria"	"Caulobacteraceae"	0.00114693613468731	0.00570448887751993	9.58829984478744e-09	1.37999522160492e-07
"Azospirillum"	"Proteobacteria"	"Rhodospirillaceae"	0.0299588894362509	0.0621502641635539	0.0235956965360469	0.0436007173461995
"Bacillus"	"Firmicutes"	"Bacillaceae"	4.58577181431611e-05	0.000522900042147585	4.51951042340358e-15	5.86088489466268e-13
"Bacillus"	"Firmicutes"	"Bacillaceae"	4.58577181431611e-05	0.000522900042147585	4.51951042340358e-15	5.86088489466268e-13
"Bacteroides"	"Bacteroidetes"	"Bacteroidaceae"	3.11757590782698e-05	0.000522900042147585	1.48426248413151e-06	9.44694460115715e-06
"Bacteroides"	"Bacteroidetes"	"Bacteroidaceae"	3.11757590782698e-05	0.000522900042147585	1.48426248413151e-06	9.44694460115715e-06
"Balneimonas"	"Proteobacteria"	"Bradyrhizobiaceae"	0.145848065048946	0.198526126648749	0.160143996708892	0.205555687553113
"Bdellovibrio"	"Proteobacteria"	"Bdellovibrionaceae"	0.000417612170441228	0.00255065172727104	0.000127277602210309	0.000500993873401487
"Bdellovibrio"	"Proteobacteria"	"Bdellovibrionaceae"	0.000417612170441228	0.00255065172727104	0.000127277602210309	0.000500993873401487
"Bifidobacterium"	"Actinobacteria"	"Bifidobacteriaceae"	0.0283410345744496	0.0620108270562709	0.0303802836285947	0.058716870970964
"Bifidobacterium"	"Actinobacteria"	"Bifidobacteriaceae"	0.0283410345744496	0.0620108270562709	0.0303802836285947	0.058716870970964
"Blautia"	"Firmicutes"	"Lachnospiraceae"	0.435053019588661	0.502482740850283	0.431293313148658	0.49787355689801
"Bosea"	"Proteobacteria"	"Bradyrhizobiaceae"	0.00616835301298644	0.0202300838004366	0.0222366256077245	0.0437045827723876
"Bradyrhizobium"	"Proteobacteria"	"Bradyrhizobiaceae"	0.00545000707625321	0.0182300054035655	0.00134932780709369	0.0046684348449337
"Burkholderia"	"Proteobacteria"	"Burkholderiaceae"	4.51682567502514e-05	0.000522900042147585	1.71079974748581e-09	2.05369138253988e-08
"Candidatus Amoebophilus"	"Bacteroidetes"	"[Amoebophilaceae]"	0.216940840181235	0.286347141796263	0.232048062843597	0.292251865695829
"Candidatus Protochlamydia"	"Chlamydiae"	"Parachlamydiaceae"	4.61324904661861e-05	0.000522900042147585	5.27544214705332e-06	2.88916068588561e-05
"Candidatus Rhabdochlamydia"	"Chlamydiae"	"Rhabdochlamydiaceae"	6.97869317490727e-05	0.000666643694140258	1.07078006813713e-05	5.65142405985449e-05
"Candidatus Solibacter"	"Acidobacteria"	"Solibacteraceae"	0.13806118343092	0.188331023004765	0.143401853400986	0.185159034890664
"Candidatus Xiphinematobacter"	"Verrucomicrobia"	"[Chthoniobacteraceae]"	0.139810237366093	0.19043548581781	0.16935849226052	0.213656360131539
"Catenibacterium"	"Firmicutes"	"Erysipelotrichaceae"	0.320292007787953	0.387627735378438	0.326371627524936	0.387624458989639
"Caulobacter"	"Proteobacteria"	"Caulobacteraceae"	0.428146432988606	0.494399050264766	0.439739883945513	0.502485886977947
"Cellulomonas"	"Actinobacteria"	"Cellulomonadaceae"	0.133204950380222	0.182426406174374	0.124003994272121	0.166883660043614
"Cellvibrio"	"Proteobacteria"	"Alteromonadaceae"	0.276875688496485	0.349232370255384	0.259633421936569	0.33249695780142
"Chryseobacterium"	"Bacteroidetes"	"[Weeksellaceae]"	0.232007204421302	0.296324586169858	0.256589594812433	0.315638270172966
"Cloacibacterium"	"Bacteroidetes"	"[Weeksellaceae]"	0.318779367626434	0.388745770596207	0.35136955805975	0.412827443828801
"CM44"	"[Thermi]"	"Deinococcaceae"	0.402655697255382	0.463179809954213	0.367490848596154	0.423837212529991
"Collimonas"	"Proteobacteria"	"Oxalobacteraceae"	0.108075645180597	0.157168102458429	0.112854343399276	0.160364666464922
"Collinsella"	"Actinobacteria"	"Coriobacteriaceae"	0.141047882447127	0.20049902804062	0.22191316078622	0.282421953527428
"Comamonas"	"Proteobacteria"	"Comamonadaceae"	0.296024450360622	0.360486209426003	0.28596202328904	0.345964167651623
"Coprococcus"	"Firmicutes"	"Lachnospiraceae"	0.29177443613251	0.358033014356267	0.297802000226458	0.356734473091108
"Coprococcus"	"Firmicutes"	"Lachnospiraceae"	0.29177443613251	0.358033014356267	0.297802000226458	0.356734473091108
"Coraliomargarita"	"Verrucomicrobia"	"Puniceicoccaceae"	0.000446810888736878	0.00255488214224758	0.000257811688756592	0.00099326692057267
"Corynebacterium"	"Actinobacteria"	"Corynebacteriaceae"	0.0824775377623312	0.12225694413581	0.0729895942201343	0.108127133993581
"Crenothrix"	"Proteobacteria"	"Crenotrichaceae"	0.629923227325972	0.680392949874096	0.564595212451998	0.627223547193568
"Cryocola"	"Actinobacteria"	"Microbacteriaceae"	0.149530431258794	0.203454245398971	0.168792509359047	0.219306347833327
"Cytophaga"	"Bacteroidetes"	"Cytophagaceae"	0.319045186239243	0.389544141513893	0.211117158613467	0.270087480165142
"DA101"	"Verrucomicrobia"	"[Chthoniobacteraceae]"	0.159215759188009	0.22518273789707	0.169312051674895	0.225386328303696
"Dechloromonas"	"Proteobacteria"	"Rhodocyclaceae"	2.85685122381318e-05	0.000522900042147585	4.3519677482981e-06	2.20300767762803e-05
"Deinococcus"	"[Thermi]"	"Deinococcaceae"	0.0608946771226069	0.100777229378573	0.0668329041348382	0.0997225939598494
"Dermacoccus"	"Actinobacteria"	"Dermacoccaceae"	0.0321858526349796	0.056184232932381	0.0265124514779926	0.0441038569480731
"Desulfomonile"	"Proteobacteria"	"Syntrophaceae"	0.529946112610508	0.588511393798301	0.514752486590949	0.574015904201069
"Devosia"	"Proteobacteria"	"Hyphomicrobiaceae"	0.00259920382757161	0.0106514058831255	0.000539866491799656	0.00198443718037619
"Dialister"	"Firmicutes"	"Veillonellaceae"	0.549081209182978	0.607217944268526	0.46763053325954	0.529860303303639
"Dokdonella"	"Proteobacteria"	"Xanthomonadaceae"	0.0263451010922927	0.0615604176078022	0.0355358922278331	0.0660463825272942
"Dyella"	"Proteobacteria"	"Xanthomonadaceae"	0.210750544581518	0.280292286129465	0.297541579862118	0.372295507212756
"Dyella"	"Proteobacteria"	"Xanthomonadaceae"	0.210750544581518	0.280292286129465	0.297541579862118	0.372295507212756
"Eggerthella"	"Actinobacteria"	"Coriobacteriaceae"	0.397522231337136	0.4603260807908	0.352401294012877	0.409727188520412
"Emticicia"	"Bacteroidetes"	"Cytophagaceae"	0.266955035303594	0.327432404244519	0.293889508340959	0.354158700499333
"Enhydrobacter"	"Proteobacteria"	"Moraxellaceae"	0.115739547933928	0.16336016995729	0.116405091142508	0.158562738823033
"Enterococcus"	"Firmicutes"	"Enterococcaceae"	0.110324585594797	0.157378161904792	0.121722253115804	0.164041134193054
"Enterococcus"	"Firmicutes"	"Enterococcaceae"	0.110324585594797	0.157378161904792	0.121722253115804	0.164041134193054
"[Eubacterium]"	"Firmicutes"	"Erysipelotrichaceae"	0.609302802504533	0.659736125722174	0.535953771160828	0.596747151945594
"Exiguobacterium"	"Firmicutes"	"[Exiguobacteraceae]"	0.140350109326531	0.19398285808283	0.147065145404308	0.194547445292079
"Faecalibacterium"	"Firmicutes"	"Ruminococcaceae"	0.334937738395304	0.399070305288773	0.35207678041375	0.404198080498241
"Fimbriimonas"	"Armatimonadetes"	"[Fimbriimonadaceae]"	0.0706300285403098	0.123839509431372	0.0637667550239467	0.100125171898487
"Flavihumibacter"	"Bacteroidetes"	"Chitinophagaceae"	0.147464044647886	0.206800063916864	0.160479623744956	0.211516703577793
"Flavisolibacter"	"Bacteroidetes"	"Chitinophagaceae"	0.153589637822534	0.204333496945218	0.178029091938774	0.224334060094649
"Flavobacterium"	"Bacteroidetes"	"Flavobacteriaceae"	0.00478396369842946	0.0167662043844951	0.000557695020315845	0.00215886304069277
"Flavobacterium"	"Bacteroidetes"	"Flavobacteriaceae"	0.00478396369842946	0.0167662043844951	0.000557695020315845	0.00215886304069277
"Flectobacillus"	"Bacteroidetes"	"Cytophagaceae"	0.0437992200709955	0.0849429451740706	0.0466914494493678	0.075557075604117
"Fusobacterium"	"Fusobacteria"	"Fusobacteriaceae"	0.490040272716198	0.553750009777681	0.497110197328337	0.557697432989529
"Gemella"	"Firmicutes"	"Gemellaceae"	0.154114057180314	0.206099916775774	0.183162193650557	0.230364391253199
"Gemmata"	"Planctomycetes"	"Gemmataceae"	0.000587845806114834	0.00327966777619458	7.15441470315874e-05	0.000298168565347493
"Gemmatimonas"	"Gemmatimonadetes"	"Gemmatimonadaceae"	0.00223617008915819	0.00925485107563929	0.000748436392649527	0.00248222533502318
"Geothrix"	"Acidobacteria"	"Holophagaceae"	0.185961970831994	0.257747605709367	0.270336609345198	0.342022800274199
"Gordonia"	"Actinobacteria"	"Gordoniaceae"	4.46588127077734e-05	0.000522900042147585	4.7960138698294e-06	2.81233410681222e-05
"Haemophilus"	"Proteobacteria"	"Pasteurellaceae"	0.126417642708726	0.174028373534548	0.142314536868128	0.185284937537499
"HB2-32-21"	"Proteobacteria"	"Alteromonadaceae"	0.307475534890961	0.374603428741976	0.31779173667279	0.375679026165547
"Herbaspirillum"	"Proteobacteria"	"Oxalobacteraceae"	0.147714729420353	0.199231359879418	0.184195780585733	0.234643047898173
"Hydrogenophilus"	"Proteobacteria"	"Rhodocyclaceae"	0.150111521618385	0.201491511651898	0.158023651911101	0.203305714561797
"Hymenobacter"	"Bacteroidetes"	"Cytophagaceae"	0.216225850412698	0.278677139648074	0.250137382184653	0.305936464021822
"Hyphomicrobium"	"Proteobacteria"	"Hyphomicrobiaceae"	0.00168523194302151	0.00732677441163448	0.00214159810144074	0.005246575773144
"Inquilinus"	"Proteobacteria"	"Rhodospirillaceae"	0.188647851986971	0.247061731635122	0.233656616768168	0.282748745954811
"Janthinobacterium"	"Proteobacteria"	"Oxalobacteraceae"	0.0116528889736427	0.0328838650884798	0.00830691819033331	0.0225428628664746
"Jeotgalicoccus"	"Firmicutes"	"Staphylococcaceae"	0.135616511363896	0.188245538082404	0.139061859634097	0.183111583669689
"Kaistia"	"Proteobacteria"	"Rhizobiaceae"	3.37635892801012e-05	0.000522900042147585	3.61748344626719e-07	2.40006953858169e-06
"Kaistobacter"	"Proteobacteria"	"Sphingomonadaceae"	0.226035554467859	0.289955370061575	0.240945456231016	0.300039804498223
"Lachnospira"	"Firmicutes"	"Lachnospiraceae"	0.240913761429116	0.303390773491795	0.248929262710434	0.306974632905399
"Lactobacillus"	"Firmicutes"	"Lactobacillaceae"	0.385139570224144	0.45234938811442	0.338369130753033	0.399843261427611
"Lactobacillus"	"Firmicutes"	"Lactobacillaceae"	0.385139570224144	0.45234938811442	0.338369130753033	0.399843261427611
"Legionella"	"Proteobacteria"	"Legionellaceae"	8.41313193594512e-05	0.000763537962577849	2.76776643499047e-05	0.000127499256718531
"Leptolyngbya"	"Cyanobacteria"	"Pseudanabaenaceae"	6.18695246876315e-05	0.000609838138778634	3.9469395936787e-05	0.000157705288135454
"Leptospira"	"Spirochaetes"	"Leptospiraceae"	0.289191580052016	0.352720788907371	0.375341023593165	0.435401464340185
"Leptothrix"	"Proteobacteria"	"Comamonadaceae"	0.0010847076881745	0.00522705241683267	0.000453148379664663	0.00129978507928832
"Leptotrichia"	"Fusobacteria"	"Leptotrichiaceae"	0.106543643226485	0.150473955516147	0.123608074217091	0.162834711021613
"Luteimonas"	"Proteobacteria"	"Xanthomonadaceae"	0.249122151150276	0.310440037889175	0.236651026573176	0.295341350221739
"Lysinibacillus"	"Firmicutes"	"Planococcaceae"	0.0472624486408372	0.0801499183159321	0.0397633016869676	0.0651739137923035
"Megasphaera"	"Firmicutes"	"Veillonellaceae"	0.242360772183235	0.302112418775846	0.271585391691973	0.326126300886848
"Mesorhizobium"	"Proteobacteria"	"Phyllobacteriaceae"	0.0265682775641793	0.0618979587004654	0.541419234506221	0.612812245558003
"Methylibium"	"Proteobacteria"	"Comamonadaceae"	0.000334115182751139	0.00218017330014728	6.06266793500144e-05	0.000287680725344924
"Methylobacterium"	"Proteobacteria"	"Methylobacteriaceae"	0.131319165451919	0.185081284277388	0.128178982417434	0.1750889041297
"Methyloversatilis"	"Proteobacteria"	"Rhodocyclaceae"	0.560524393440635	0.620623232775451	0.530017996075775	0.595910168476313
"Microbacterium"	"Actinobacteria"	"Microbacteriaceae"	0.281350469432283	0.343372867204982	0.432692431650169	0.491980368273251
"Microbispora"	"Actinobacteria"	"Micrococcaceae"	0.121173450393732	0.170581602896684	0.157314684622615	0.200936251341506
"Micrococcus"	"Actinobacteria"	"Micrococcaceae"	0.125163845004093	0.171093308413188	0.158058786796021	0.196142197230497
"Mycobacterium"	"Actinobacteria"	"Mycobacteriaceae"	0.000266031035605263	0.00183793907263147	9.27590659021393e-06	5.7282306237887e-05
"Mycoplana"	"Proteobacteria"	"Caulobacteraceae"	5.55556365611561e-05	0.000569723882304649	2.60049383952063e-06	1.58953450465759e-05
"Neisseria"	"Proteobacteria"	"Neisseriaceae"	0.273436305930285	0.339428957410642	0.297081958991071	0.357976589419951
"Neisseria"	"Proteobacteria"	"Neisseriaceae"	0.273436305930285	0.339428957410642	0.297081958991071	0.357976589419951
"Nesterenkonia"	"Actinobacteria"	"Micrococcaceae"	0.133710325341095	0.187597588218537	0.160379904761401	0.208587025474799
"Nevskia"	"Proteobacteria"	"Sinobacteraceae"	0.414948447597948	0.484428547868557	0.443090159426718	0.51155786939255
"Nevskia"	"Proteobacteria"	"Sinobacteraceae"	0.414948447597948	0.484428547868557	0.443090159426718	0.51155786939255
"Nitrospira"	"Nitrospirae"	"Nitrospiraceae"	3.95447664775114e-05	0.000522900042147585	2.04411624073678e-07	1.52439426785812e-06
"Nonomuraea"	"Actinobacteria"	"Streptosporangiaceae"	0.146919084988891	0.200817429760307	0.174338527876498	0.219706030992604
"Novosphingobium"	"Proteobacteria"	"Sphingomonadaceae"	0.0152336257121956	0.0408296059002549	0.010479972859775	0.0271773160504909
"Novosphingobium"	"Proteobacteria"	"Sphingomonadaceae"	0.0152336257121956	0.0408296059002549	0.010479972859775	0.0271773160504909
"Odoribacter"	"Bacteroidetes"	"[Odoribacteraceae]"	0.524820004329794	0.58204157647726	0.496668629623181	0.552062828500296
"Opitutus"	"Verrucomicrobia"	"Opitutaceae"	4.41811617427235e-05	0.000522900042147585	9.23861690693756e-08	7.10429821644796e-07
"Oscillospira"	"Firmicutes"	"Ruminococcaceae"	0.239105767444027	0.302612286696386	0.260462547638436	0.3174348508046
"Paenibacillus"	"Firmicutes"	"Paenibacillaceae"	4.17357381211589e-05	0.000522900042147585	5.13444527910132e-09	6.24132078049314e-08
"Paludibacter"	"Bacteroidetes"	"Porphyromonadaceae"	0.323337267884887	0.391793731390549	0.347986706772927	0.412958009344826
"Pandoraea"	"Proteobacteria"	"Burkholderiaceae"	0.271752934818573	0.340721070254533	0.354795991780693	0.426644044532154
"Parabacteroides"	"Bacteroidetes"	"Porphyromonadaceae"	0.332071685690885	0.402704818998382	0.358039563825573	0.423929058180347
"Paracoccus"	"Proteobacteria"	"Rhodobacteraceae"	0.00683424234315764	0.0219482579272133	0.0108028944055137	0.0272383599377166
"Paracoccus"	"Proteobacteria"	"Rhodobacteraceae"	0.00683424234315764	0.0219482579272133	0.0108028944055137	0.0272383599377166
"Parvibaculum"	"Proteobacteria"	"Hyphomicrobiaceae"	0.1313090311288	0.206761310930653	0.175482396215444	0.255831284966568
"Pedobacter"	"Bacteroidetes"	"Sphingobacteriaceae"	0.564878579853393	0.628360808557499	0.500347457985395	0.573019718291978
"Pedobacter"	"Bacteroidetes"	"Sphingobacteriaceae"	0.564878579853393	0.628360808557499	0.500347457985395	0.573019718291978
"Pedomicrobium"	"Proteobacteria"	"Hyphomicrobiaceae"	0.220929131933039	0.285356388204117	0.216977121285073	0.276077504058536
"Pedosphaera"	"Verrucomicrobia"	"[Pedosphaeraceae]"	0.344046052702526	0.406682462542429	0.341620796635201	0.398555873347841
"Peptoniphilus"	"Firmicutes"	"[Tissierellaceae]"	0.146214512359817	0.198565946224154	0.172644852718667	0.218479356295291
"Perlucidibaca"	"Proteobacteria"	"Moraxellaceae"	0.0172309446625736	0.0448246612034771	0.0686552995187718	0.119551236338744
"Phaeospirillum"	"Proteobacteria"	"Rhodospirillaceae"	2.45342014578068e-05	0.000522900042147585	9.70116496319537e-06	4.45227159751236e-05
"Phascolarctobacterium"	"Firmicutes"	"Veillonellaceae"	0.605890958012501	0.659686346560699	0.530501712675169	0.587444591491407
"Phenylobacterium"	"Proteobacteria"	"Caulobacteraceae"	0.111903857908242	0.180610393517015	0.167359113424466	0.246309284709914
"Phormidium"	"Cyanobacteria"	"Phormidiaceae"	0.0032343466387531	0.0115991144655967	0.000386027926217461	0.0013012091080071
"Phormidium"	"Cyanobacteria"	"Phormidiaceae"	0.0032343466387531	0.0115991144655967	0.000386027926217461	0.0013012091080071
"Phycicoccus"	"Actinobacteria"	"Intrasporangiaceae"	0.297636776596423	0.363147574218799	0.314403624295388	0.372146200855626
"Pirellula"	"Planctomycetes"	"Pirellulaceae"	0.516714119413012	0.581502899641827	0.494626068336692	0.560814154289228
"Planctomyces"	"Planctomycetes"	"Planctomycetaceae"	4.45075686182486e-05	0.000522900042147585	2.49394207434864e-06	1.37875042931686e-05
"Polaromonas"	"Proteobacteria"	"Comamonadaceae"	0.101276954859308	0.170787967270007	0.0359042982789277	0.0737802774826761
"Polynucleobacter"	"Proteobacteria"	"Oxalobacteraceae"	7.66389947019588e-05	0.000708987367967056	8.59139478759968e-07	6.2379534590886e-06
"Porphyromonas"	"Bacteroidetes"	"Porphyromonadaceae"	0.158616958704145	0.212063131886969	0.16932186866727	0.215576812111123
"Prevotella"	"Bacteroidetes"	"Prevotellaceae"	4.8639651960216e-05	0.000527518965110669	2.29762802833477e-06	1.36247195398055e-05
"[Prevotella]"	"Bacteroidetes"	"[Paraprevotellaceae]"	0.346834824994515	0.414218840161461	0.354644024175408	0.416376081513763
"Prosthecobacter"	"Verrucomicrobia"	"Verrucomicrobiaceae"	0.000219759819644072	0.00159029219004814	2.3835002851096e-05	0.000122680088994691
"Pseudanabaena"	"Cyanobacteria"	"Pseudanabaenaceae"	3.60381472962242e-05	0.000529332409121096	2.05061316339102e-07	1.59158627746162e-06
"Pseudomonas"	"Proteobacteria"	"Pseudomonadaceae"	0.000950564435979565	0.00490760599520569	2.68995582297846e-08	3.37823494800004e-07
"Pseudomonas"	"Proteobacteria"	"Pseudomonadaceae"	0.000950564435979565	0.00490760599520569	2.68995582297846e-08	3.37823494800004e-07
"Pseudonocardia"	"Actinobacteria"	"Pseudonocardiaceae"	0.306488468446066	0.375348205115709	0.350311958673789	0.414751012527825
"Pseudoxanthomonas"	"Proteobacteria"	"Xanthomonadaceae"	0.250894507281318	0.312115416458202	0.281499831294921	0.335551101380517
"Psychrobacter"	"Proteobacteria"	"Moraxellaceae"	0.126448589745668	0.180875957567788	0.148826823007892	0.196248870624763
"Ralstonia"	"Proteobacteria"	"Oxalobacteraceae"	0.121602544712	0.169320522352587	0.132239830846991	0.174850486213287
"Rhizobium"	"Proteobacteria"	"Rhizobiaceae"	0.138205179544028	0.207647537975218	0.105432998814606	0.155859448059614
"Rhodanobacter"	"Proteobacteria"	"Xanthomonadaceae"	0.000184791795688127	0.00141417717621021	2.91229743628961e-10	7.36832229718384e-09
"Rhodanobacter"	"Proteobacteria"	"Xanthomonadaceae"	0.000184791795688127	0.00141417717621021	2.91229743628961e-10	7.36832229718384e-09
"Rhodobacter"	"Proteobacteria"	"Rhodobacteraceae"	0.0020366089913194	0.00850180548021185	0.00298372210163654	0.0081192919588047
"Rhodococcus"	"Actinobacteria"	"Nocardiaceae"	0.704113083897277	0.747702017737138	0.688481312566008	0.736185946562978
"Rhodoferax"	"Proteobacteria"	"Comamonadaceae"	0.00358072756306867	0.0134603197476889	0.0144211033957668	0.0309638594778209
"Rhodoplanes"	"Proteobacteria"	"Hyphomicrobiaceae"	0.00201538091200784	0.00855194682664084	0.000125102951621088	0.000536585765315903
"Roseburia"	"Firmicutes"	"Lachnospiraceae"	0.264851290683174	0.332456077327083	0.294595374576894	0.353569635917663
"Roseococcus"	"Proteobacteria"	"Acetobacteraceae"	0.00421891527042432	0.0149596362016866	0.00131090581703148	0.00387252150375332
"Roseomonas"	"Proteobacteria"	"Acetobacteraceae"	0.167235955398262	0.224435276237185	0.203025057386558	0.253910066575744
"Rubrivivax"	"Proteobacteria"	"Comamonadaceae"	0.00539835476039447	0.0179389303808776	0.00513957663121001	0.0133660361620182
"Ruminococcus"	"Firmicutes"	"Ruminococcaceae"	0.454620471313566	0.520928500440182	0.427674757491441	0.490860980025131
"[Ruminococcus]"	"Firmicutes"	"Lachnospiraceae"	0.267946971926365	0.325885230328002	0.30663525607432	0.355680822044757
"Runella"	"Bacteroidetes"	"Cytophagaceae"	0.0418874349068427	0.0807078307626064	0.0417779499947049	0.0773034301186662
"Salinibacterium"	"Actinobacteria"	"Microbacteriaceae"	0.462878527756242	0.543967764353861	0.0932453682745907	0.157709393904035
"Salinibacterium"	"Actinobacteria"	"Microbacteriaceae"	0.462878527756242	0.543967764353861	0.0932453682745907	0.157709393904035
"Sediminibacterium"	"Bacteroidetes"	"Chitinophagaceae"	0.000284730743598513	0.00190495909192068	3.71319717541841e-05	0.000165031999974193
"Shewanella"	"Proteobacteria"	"Shewanellaceae"	0.117308181718034	0.168199631787718	0.13424142626663	0.178625200972435
"Skermanella"	"Proteobacteria"	"Rhodospirillaceae"	0.226945549331705	0.291972601319561	0.247996969984807	0.307056614435256
"Sphingobium"	"Proteobacteria"	"Sphingomonadaceae"	0.812036575818788	0.841621197834009	0.448473023385727	0.531635730354101
"Sphingomonas"	"Proteobacteria"	"Sphingomonadaceae"	0.521953763280781	0.594674372539688	0.104602079193322	0.172089815641104
"Sphingopyxis"	"Proteobacteria"	"Sphingomonadaceae"	0.0159856692641241	0.0408570149543565	0.0210702880721977	0.0434866706978641
"Spirosoma"	"Bacteroidetes"	"Cytophagaceae"	0.000880038142516542	0.00454788963136644	0.000252914952483195	0.000886011030485566
"Spirulina"	"Cyanobacteria"	"Spirulinaceae"	0.258170731785845	0.321070679360705	0.262645574779856	0.323395252033793
"Staphylococcus"	"Firmicutes"	"Staphylococcaceae"	0.0135024648126801	0.0321488025726083	0.00572967749455403	0.0142645175885943
"Staphylococcus"	"Firmicutes"	"Staphylococcaceae"	0.0135024648126801	0.0321488025726083	0.00572967749455403	0.0142645175885943
"Stenotrophomonas"	"Proteobacteria"	"Xanthomonadaceae"	0.109325367472227	0.154916390720969	0.12658976715906	0.167436708450095
"Stenotrophomonas"	"Proteobacteria"	"Xanthomonadaceae"	0.109325367472227	0.154916390720969	0.12658976715906	0.167436708450095
"Steroidobacter"	"Proteobacteria"	"Sinobacteraceae"	0.450143751760272	0.511421815303503	0.413897610863191	0.472406126027591
"Streptococcus"	"Firmicutes"	"Streptococcaceae"	0.617583416862501	0.675562864418873	0.568989838899311	0.633785842408404
"Streptococcus"	"Firmicutes"	"Streptococcaceae"	0.617583416862501	0.675562864418873	0.568989838899311	0.633785842408404
"Streptomyces"	"Actinobacteria"	"Streptomycetaceae"	4.57328052188784e-05	0.000522900042147585	1.05115354915897e-08	8.97085115245332e-08
"Streptomyces"	"Actinobacteria"	"Streptomycetaceae"	4.57328052188784e-05	0.000522900042147585	1.05115354915897e-08	8.97085115245332e-08
"Sulfuritalea"	"Proteobacteria"	"Rhodocyclaceae"	0.126587139572492	0.192612267414424	0.166671886167612	0.223018184115849
"Sulfurospirillum"	"Proteobacteria"	"Campylobacteraceae"	0.426241618408974	0.488138445318509	0.41318670883023	0.470721890302873
"Synechococcus"	"Cyanobacteria"	"Synechococcaceae"	0.243335483073482	0.303284710607532	0.262150367226419	0.317360478528549
"Telmatospirillum"	"Proteobacteria"	"Rhodospirillaceae"	0.12138518869531	0.187255726222685	0.101383758337922	0.149719899802033
"Thermomonas"	"Proteobacteria"	"Xanthomonadaceae"	0.490426671284853	0.55578047686116	0.417903365041461	0.488033235785191
"Thermomonas"	"Proteobacteria"	"Xanthomonadaceae"	0.490426671284853	0.55578047686116	0.417903365041461	0.488033235785191
"Thiobacillus"	"Proteobacteria"	"Hydrogenophilaceae"	0.00334348535570957	0.0120650225754494	0.00864259059448089	0.0175260724394597
"Thiomonas"	"Proteobacteria"	"Comamonadaceae"	0.109459571313733	0.160566861817171	0.118689627402683	0.16766497230846
"Trichococcus"	"Firmicutes"	"Carnobacteriaceae"	0.455690577558745	0.516107187475313	0.409678481333394	0.469332007111883
"Tsukamurella"	"Actinobacteria"	"Tsukamurellaceae"	0.671910195308698	0.716769821801413	0.616969981692389	0.670187618282778
"Turicibacter"	"Firmicutes"	"Turicibacteraceae"	0.00019094531509775	0.00141181866457304	9.15482569782473e-05	0.000381036012297153
"vadinHB04"	"Firmicutes"	"Veillonellaceae"	0.275637787426818	0.338809224564471	0.294088907592225	0.349841977090549
"Variovorax"	"Proteobacteria"	"Comamonadaceae"	0.270464000867379	0.339020394805955	0.280961718872005	0.34096322480453
"Virgibacillus"	"Firmicutes"	"Bacillaceae"	0.0531944869975342	0.0866857968927865	0.0405226883230883	0.0638927264013666
"Weissella"	"Firmicutes"	"Leuconostocaceae"	0.14055786488059	0.188916828265622	0.158922812430967	0.204040957454443
"Xanthobacter"	"Proteobacteria"	"Xanthobacteraceae"	0.0102090160099564	0.0260639088063173	0.00422409044111695	0.0105184460675036
"Zoogloea"	"Proteobacteria"	"Rhodocyclaceae"	0.0352950961681686	0.0751716665665026	0.0384918254064103	0.0734402505430171
