Genus	5A_C_432_9509_DAM_2	T0_432_B_3_2	T0_W_A_C_2	T0_W_D_E_2	T10_432_DAM_B_A_2	T10_432_DAM_B_B_2	T10_432_DAM_B_C_2	T10_432_DAM_B_D_2	T10_432_DAM_B_E_2	T10_432_DAM_B_F_2	T10_432_DAM_B_G_2	T10_432_DAM_B_H_2	T10_432_DAM_B_I_2	T10_432_DAM_B_K_2	T10_432_DAM_B_L_2	T10_432_DAM_BJ_2	T10_432_DAM_W_A_C_2	T10_432_DAM_W_D_F_2	T10_432_DAM_W_G_I_2	T10_432_DAM_W_J_L_2	T10_W_A_C_2	T10_W_D_E_2	T5_432_DAM_B_H_2	T5_432_DAM_B_I_2	T5_432_DAM_B_J_2	T5_432_DAM_B_L_2	T5_432_DAM_W_D_F_2	T5_432_DAM_W_G_I_2	T5_432_DAM_W_J_L_2	T5_W_A_C_2	T5_W_D_E_2
[Eubacterium]	5	0	61	22	0	0	0	0	0	0	0	0	0	0	0	0	0	0	0	0	0	0	0	0	0	0	5	6	6	13	5
[Prevotella]	0	0	57	64	0	0	0	0	0	14	0	0	0	0	0	0	0	0	0	0	0	0	0	0	0	0	0	0	12	12	7
[Ruminococcus]	0	0	39	0	0	0	0	0	0	0	0	0	0	0	0	0	0	0	0	0	0	0	0	0	0	0	16	0	0	0	0
Acetobacter	0	0	0	0	0	0	0	0	0	0	0	0	0	0	0	0	0	9	0	0	0	0	0	0	0	0	0	0	0	12	0
Acetobacterium	0	0	3	0	0	0	0	0	0	0	0	0	0	0	0	0	0	0	0	0	0	0	0	0	0	0	0	0	0	0	0
Achromobacter	0	0	25	0	0	0	0	0	9	0	12	0	0	0	0	229	0	0	0	0	0	0	0	112	0	0	0	32	85	0	15
Acidaminococcus	0	0	13	52	0	0	0	0	0	0	0	0	0	0	0	0	0	0	0	0	0	0	0	0	0	0	0	0	0	0	0
Acidiphilium	0	0	0	0	0	0	0	0	0	0	0	0	0	0	0	0	0	0	0	0	0	0	0	0	0	0	38	0	50	0	0
Acidovorax	397	0	40	0	208	7258	7558	942	467	1545	2642	15387	1012	255	1379	12589	458	153	131	148	229	3771	87	21881	33621	27311	851	2242	4162	148	198
Acinetobacter	201	475	115	191	183	14	219	7	249	87	28	79	826	32	8	109	371	43	638	141	253	133	20	0	0	154	573	260	217	82	0
Actinomyces	0	0	0	0	0	0	0	0	0	0	0	0	0	9	0	0	0	0	0	0	0	0	0	0	0	0	0	0	0	0	0
Adlercreutzia	0	0	0	8	0	0	0	0	0	0	0	0	0	0	0	0	0	0	0	0	0	0	0	0	0	0	0	0	0	0	0
Aerococcus	0	0	0	0	0	0	0	0	0	0	0	0	0	0	0	0	0	0	0	0	0	0	41	0	0	0	0	0	0	0	0
Aeromicrobium	0	0	4	8	0	0	0	0	0	0	0	0	0	0	0	0	0	0	0	0	0	0	0	0	0	0	0	0	0	0	0
Aggregatibacter	0	0	0	0	5	0	0	0	0	0	0	0	0	0	0	0	0	0	0	0	0	0	0	0	0	0	0	0	0	0	0
Agrobacterium	201	0	87	95	0	0	0	1740	11978	13491	1366	0	15	3316	11218	266	18	5251	559	6716	0	0	0	7	506	75	30	32	2111	0	7
Akkermansia	0	0	7	0	0	0	0	0	0	0	0	0	0	0	0	0	0	0	0	0	0	0	0	0	0	0	0	0	0	0	0
Alicyclobacillus	0	26	0	0	0	0	0	0	0	0	0	0	0	0	0	0	0	0	0	0	0	0	0	0	0	0	0	0	0	0	0
Alkaliphilus	0	0	0	0	0	0	0	0	0	0	0	0	0	0	0	0	0	0	0	0	0	0	0	0	5	0	0	0	0	0	0
Anaerococcus	0	0	0	0	6	0	0	0	0	0	0	0	0	0	0	0	0	0	0	0	0	0	25	0	0	6	0	0	0	0	0
Anaeromusa	0	0	6	0	0	0	0	0	0	0	0	0	0	0	0	0	0	0	0	0	0	0	0	0	0	0	0	0	0	0	0
Ancylobacter	0	0	0	0	0	0	0	0	0	0	8	0	0	0	0	0	0	0	0	0	0	0	0	9	0	0	0	0	0	5	0
Anoxybacillus	0	0	0	10	0	0	0	0	0	0	0	0	0	0	0	0	0	0	0	0	0	0	0	0	0	0	21	9	37	0	0
Aquicella	113	0	304	227	0	0	0	0	0	0	0	0	0	0	3	0	106	116	57	42	508	321	5	0	3	0	310	122	99	989	483
Arcobacter	57	0	209	141	0	0	0	0	0	0	0	0	0	0	0	0	0	0	3	0	0	0	0	0	0	0	63	13	87	39	31
Arthrobacter	180	0	0	0	0	0	0	151	0	0	0	0	0	62	23	0	1611	724	336	153	13	0	0	0	19	0	332	50	1432	0	81
Asticcacaulis	2248	0	11	9	8980	31757	49212	6944	18656	10138	10647	12711	701	10584	13939	15202	14261	5000	4112	4042	9	0	6	1118	135	397	2949	451	2319	0	0
Azospirillum	0	21	7	0	15	34	0	0	83	0	0	0	19	25	0	84	0	65	0	0	5	0	61	16	15	25	0	0	45	0	0
Bacillus	51	590	45	52	400	413	250	335	374	312	106	232	199	354	76	1024	50	38	27	41	41	30	406	176	341	798	45	52	66	40	42
Bacteroides	390	0	1649	1242	0	0	0	0	0	0	0	0	0	0	0	0	20	27	25	17	204	112	0	0	0	0	527	271	499	799	396
Balneimonas	0	0	0	0	0	0	0	0	0	0	0	0	0	0	0	0	0	0	0	0	0	0	0	3	0	0	0	0	0	0	0
Bdellovibrio	431	0	1282	1315	0	0	0	0	0	0	0	0	0	0	0	0	22	29	10	48	24	0	0	0	0	0	285	169	535	834	823
Bifidobacterium	75	0	611	425	0	0	0	0	0	0	0	0	0	0	0	0	0	0	0	0	8	5	0	0	0	0	132	97	85	155	53
Bilophila	0	0	8	10	0	0	0	0	0	0	0	0	0	0	0	0	0	0	0	0	0	0	0	0	0	0	0	0	0	0	0
Blautia	15	0	97	159	0	0	0	0	0	0	0	0	0	0	0	0	0	0	0	0	26	0	0	0	0	0	123	14	16	41	0
Bosea	126	0	95	15	49	184	375	32	86	257	31	187	29	0	117	368	57	0	31	0	506	384	12	17	59	247	121	37	124	95	23
Brachybacterium	0	9	0	0	0	0	0	0	0	0	0	0	0	0	0	0	0	0	0	0	0	0	0	0	0	0	0	0	0	0	0
Bradyrhizobium	524	0	689	641	162	395	513	168	267	184	35	333	133	240	73	241	325	173	469	390	354	122	374	290	131	622	1021	797	1003	552	461
Burkholderia	0	233	0	0	356	211	52	75	144	242	117	61	114	191	119	1193	0	0	19	0	0	0	567	246	246	444	0	0	0	0	0
Butyricimonas	0	0	0	13	0	0	0	0	0	0	0	0	0	0	0	0	0	0	0	0	0	0	0	0	0	0	0	0	0	0	0
C39	0	0	25	0	0	0	0	0	0	0	0	0	0	0	0	0	0	0	0	0	0	0	0	0	0	0	0	0	0	0	0
Candidatus Amoebophilus	7	0	70	70	0	0	0	0	0	0	0	0	0	0	0	0	0	0	0	57	0	0	0	0	0	0	23	5	53	5	4
Candidatus Protochlamydia	312	0	1194	601	0	0	0	0	0	0	0	0	0	6	0	0	208	300	431	122	193	247	11	0	0	0	684	298	446	380	249
Candidatus Rhabdochlamydia	78	0	279	185	0	7	0	0	0	0	0	0	0	0	0	0	227	36	68	54	76	52	0	0	0	0	135	68	81	169	90
Candidatus Solibacter	0	0	0	0	0	0	0	0	0	0	0	0	0	0	0	20	0	0	0	0	0	0	0	0	0	0	0	0	0	0	0
Candidatus Xiphinematobacter	0	0	0	0	0	0	0	0	0	0	0	0	0	0	0	17	0	0	0	0	0	0	0	0	0	0	0	0	0	0	0
Catenibacterium	9	0	12	18	0	0	0	0	0	0	0	0	0	0	0	0	0	0	0	0	0	0	0	0	0	0	0	0	11	0	0
Caulobacter	0	0	0	0	0	0	0	0	0	0	0	0	0	0	0	0	0	0	0	0	0	23	0	30	0	0	0	32	0	0	0
Cellulomonas	0	0	0	0	0	0	0	0	0	0	0	0	0	0	0	0	0	0	0	0	0	0	29	18	0	0	0	0	0	0	0
Cellvibrio	837	0	0	39	0	0	0	0	0	75	0	0	0	6	0	0	0	80	0	0	0	0	0	0	0	7	0	0	5861	0	0
Chryseobacterium	137	0	17	0	0	8	0	0	0	0	0	0	0	0	0	10	0	0	0	0	0	0	3	0	25	0	6	12	0	0	0
Cloacibacterium	9	0	81	55	0	0	0	0	0	0	0	0	0	0	0	0	0	0	0	0	0	0	0	0	0	0	8	0	17	0	0
Clostridium	0	0	58	65	0	0	0	0	0	0	0	0	0	0	0	0	0	0	0	0	0	0	0	0	0	0	0	0	0	0	0
CM44	5	0	0	0	0	0	0	0	0	0	0	0	0	0	0	0	0	0	0	0	0	0	0	0	0	0	0	0	0	0	4
Collimonas	0	0	0	0	0	0	0	0	0	0	38	0	0	0	0	161	0	0	0	0	0	0	0	0	0	0	0	0	0	0	0
Collinsella	10	0	144	94	0	0	0	0	0	0	0	0	0	0	0	0	4	0	0	0	6	0	0	0	0	0	21	12	9	36	14
Comamonas	0	0	0	0	0	0	0	0	0	0	0	0	0	0	0	0	0	0	0	0	0	0	0	0	0	0	0	0	0	0	165
Coprococcus	0	0	68	58	0	0	0	0	0	0	0	0	0	0	0	0	0	0	0	0	0	0	0	0	0	0	7	0	21	0	0
Coraliomargarita	7	0	17	7	0	0	0	0	0	0	0	0	0	0	0	0	146	143	93	25	13	9	0	0	0	0	22	47	43	10	9
Corynebacterium	0	7	22	18	0	0	0	0	0	0	0	0	0	12	0	0	0	0	0	0	0	0	110	0	14	84	0	0	0	0	0
Crenothrix	15	0	85	56	0	0	0	0	0	0	0	0	0	0	0	0	0	0	0	0	0	0	0	0	0	0	18	0	35	10	23
Cryocola	0	0	0	0	0	0	0	0	0	0	0	0	0	0	42	0	0	0	0	0	0	0	0	0	0	0	0	0	0	0	0
Cytophaga	0	0	0	0	0	0	0	0	0	0	0	0	0	0	0	0	0	0	0	0	120	0	0	0	0	0	13	0	0	133	0
DA101	29	0	0	0	0	0	0	0	0	0	0	10	10	0	0	0	0	0	0	0	0	0	0	15	9	16	0	8	14	0	0
Dechloromonas	178	0	1569	911	0	0	0	0	0	0	0	0	0	0	0	0	50	29	42	21	357	67	0	0	0	0	424	161	173	792	590
Deinococcus	0	0	0	0	0	0	0	0	0	2	0	0	0	8	0	46	0	0	0	0	0	0	23	5	0	0	0	6	0	0	0
Delftia	0	23	0	0	0	0	0	0	0	0	0	0	0	0	0	0	0	0	0	0	0	0	0	0	0	0	0	0	0	0	0
Dermacoccus	0	0	0	0	0	23	11	0	0	0	0	0	10	0	0	27	0	0	0	0	0	0	0	0	12	27	0	0	0	0	0
Desulfomonile	3	0	20	9	0	0	0	0	0	0	0	0	0	0	0	0	0	0	0	0	3	0	0	0	0	0	3	3	0	0	0
Devosia	616	0	1451	1195	5	9	7	14	0	113	0	0	0	0	196	0	173	235	119	81	316	161	0	0	0	0	981	283	856	1006	670
Dialister	0	0	76	23	0	0	0	0	0	0	0	0	0	0	0	0	0	0	0	0	0	0	0	0	0	0	11	0	10	16	0
Dokdonella	609	0	269	402	390	280	452	707	1272	1157	439	178	12	120	380	4939	3062	2006	796	1197	18	22	0	13	13	100	1703	398	1615	202	64
Dyella	0	0	0	0	0	0	0	49	3027	15	0	0	0	0	0	257	0	1824	0	469	0	0	0	0	0	0	0	0	0	0	0
Eggerthella	11	0	11	22	0	0	0	0	0	0	0	0	0	0	0	0	0	0	0	0	0	0	0	0	0	0	0	0	0	0	4
Emticicia	0	0	0	0	0	0	0	0	0	0	0	0	0	0	0	0	0	0	0	0	83	0	0	0	0	0	0	0	0	0	0
Enhydrobacter	0	0	5	0	7	0	0	0	0	0	0	0	0	0	2	0	0	0	0	0	0	0	0	0	0	0	0	0	0	0	0
Enterococcus	0	0	0	0	10	0	0	0	8	0	0	0	0	0	0	0	0	0	0	0	0	0	0	0	0	0	0	0	0	0	0
Exiguobacterium	0	0	0	0	0	0	0	0	12	0	0	0	0	0	0	0	0	0	0	0	0	0	0	0	0	0	0	0	0	0	0
Faecalibacterium	12	0	13	15	0	0	0	0	0	0	0	0	0	0	0	0	0	0	0	0	0	0	0	0	0	0	0	0	15	0	0
Fimbriimonas	44	0	200	33	0	0	0	0	0	0	0	0	0	0	0	0	0	0	0	0	62	0	0	0	0	0	41	12	35	147	203
Flavihumibacter	0	0	75	39	0	0	0	0	0	0	0	0	0	0	0	0	0	0	0	0	0	0	0	0	0	0	0	0	0	32	21
Flavisolibacter	0	0	0	0	0	0	0	0	0	0	0	0	0	0	0	0	0	0	0	0	0	0	0	0	0	31	0	0	0	0	0
Flavobacterium	1543	0	1139	740	0	0	0	0	0	2	0	0	186	0	0	0	353	371	712	27	302	152	408	39	12	0	637	1366	326	529	331
Flectobacillus	86	0	36	32	0	0	7	0	0	0	0	0	0	0	0	0	214	0	0	5	0	0	0	3	0	0	635	64	32	7	0
Fusobacterium	0	0	20	69	0	0	0	0	0	0	0	0	0	5	0	0	4	0	0	0	0	0	13	0	0	0	7	0	13	4	0
Gemella	0	0	0	0	0	0	0	0	0	0	0	0	0	0	0	0	0	0	0	0	0	0	17	0	0	0	0	0	0	0	0
Gemmata	236	0	1104	1061	0	0	0	0	0	0	0	0	0	0	0	0	29	44	0	0	435	303	0	0	0	0	423	157	309	588	606
Gemmatimonas	121	0	105	41	0	0	0	0	0	0	0	0	0	0	0	0	0	0	16	0	482	532	0	0	0	0	82	33	34	165	110
Geothrix	0	0	0	18	0	0	0	0	0	0	0	0	0	0	0	0	0	40	0	0	0	8	0	0	28	0	0	0	0	12	13
Gordonia	4732	0	21744	17506	0	0	23	15	0	0	0	0	0	85	0	0	888	557	599	568	795	446	0	13	0	90	10870	4310	7717	6727	2562
Haemophilus	0	36	0	6	0	0	0	0	0	0	0	0	0	0	8	0	0	0	0	0	0	0	0	0	0	0	0	0	0	0	0
HB2-32-21	17	0	7	14	0	0	0	0	0	0	0	0	0	0	0	0	0	0	0	0	0	0	0	0	0	0	0	0	9	0	0
Herbaspirillum	0	30	0	0	0	0	0	0	0	0	0	0	0	0	419	0	0	0	0	0	0	0	0	0	0	0	0	0	0	0	0
Hydrogenophaga	0	0	80	26	0	0	0	0	0	0	0	0	0	0	0	0	0	0	0	0	0	0	0	0	0	0	0	0	0	0	0
Hydrogenophilus	0	0	0	0	0	0	0	0	0	0	0	0	0	0	0	0	0	0	0	0	0	0	0	0	0	6	0	0	0	0	0
Hymenobacter	0	0	5	26	0	0	0	0	0	0	0	0	0	0	0	0	0	0	0	0	0	0	0	0	0	0	0	2	0	0	0
Hyphomicrobium	136	0	542	365	0	0	0	0	0	0	0	0	0	0	0	0	22	15	0	0	31	18	0	0	0	0	232	48	226	387	259
Inquilinus	0	0	7	0	0	0	0	0	0	0	0	0	0	0	0	0	0	0	0	0	0	0	0	0	0	0	0	0	4	0	0
Janthinobacterium	48204	61	850	972	1924	6579	3661	1495	2795	3347	2341	12795	2108	1811	1144	7373	2578	2210	722	3779	4760	7258	50526	85103	34596	62729	21498	22372	26879	7460	11088
Jeotgalicoccus	0	25	0	0	0	0	0	0	0	0	0	0	0	0	0	0	0	0	0	0	0	0	23	0	0	0	0	0	0	0	0
Kaistia	574	0	653	604	0	0	0	0	0	0	0	0	0	0	0	0	76	580	49	219	48	15	0	0	0	0	899	435	1143	523	390
Kaistobacter	0	0	0	0	0	0	0	0	0	0	0	0	0	0	10	0	0	0	0	0	0	0	0	0	0	0	0	0	0	32	0
Kocuria	0	23	0	0	0	0	0	0	0	0	0	0	0	0	0	0	0	0	0	0	0	0	0	0	0	0	0	0	0	0	0
Lachnospira	0	0	0	23	0	0	0	0	0	0	0	0	0	0	0	0	0	0	0	0	0	0	0	0	0	0	0	0	0	21	0
Lactobacillus	14	0	45	14	0	0	0	0	0	0	0	0	0	0	0	0	0	0	0	0	0	0	0	0	0	11	0	0	0	5	0
Lactococcus	0	0	8	0	0	0	0	0	0	0	0	0	0	0	0	0	0	0	0	0	0	0	0	0	0	0	0	0	0	0	0
Legionella	64	0	121	88	0	0	0	0	7	0	0	0	0	0	0	0	46	25	15	330	24	68	0	0	0	0	278	43	64	202	88
Leptolyngbya	207	0	0	0	0	0	0	0	0	0	0	0	0	0	0	0	12	10	55	6	107	73	0	0	0	0	463	491	69	50	116
Leptospira	0	0	0	0	0	0	0	0	0	0	0	0	0	0	0	0	0	0	0	79	0	0	0	0	0	0	0	0	0	0	0
Leptothrix	544	0	1694	1511	0	0	0	0	0	0	0	0	0	0	0	0	0	50	0	51	409	111	0	0	0	0	489	109	739	371	854
Leptotrichia	0	0	0	0	0	0	0	0	0	0	0	0	0	4	0	3	0	0	0	0	0	0	0	0	0	0	0	0	0	0	0
Luteimonas	0	0	0	41	0	0	0	0	0	0	0	0	0	0	0	0	0	0	0	0	0	0	0	0	0	0	0	0	0	30	0
Lysinibacillus	0	111	0	0	0	0	0	0	0	30	0	0	33	0	0	117	0	0	0	0	0	0	114	0	0	51	0	0	0	0	0
Megamonas	0	0	19	16	0	0	0	0	0	0	0	0	0	0	0	0	0	0	0	0	0	0	0	0	0	0	0	0	0	0	0
Megasphaera	0	0	0	0	0	0	0	0	0	0	0	0	0	0	0	0	0	0	0	0	0	0	0	0	0	0	0	0	7	0	0
Mesorhizobium	320	0	32	21	359	244	323	228	299	1511	0	299	0	301	241	250	545	312	169	598	159	57	0	174	313	300	638	275	339	112	117
Methanobacterium	0	0	9	0	0	0	0	0	0	0	0	0	0	0	0	0	0	0	0	0	0	0	0	0	0	0	0	0	0	0	0
Methanobrevibacter	0	0	46	18	0	0	0	0	0	0	0	0	0	0	0	0	0	0	0	0	0	0	0	0	0	0	0	0	0	0	0
Methylibium	379	0	1214	995	0	0	0	0	38	0	0	0	0	0	0	157	123	48	25	26	2019	2185	0	0	27	58	694	519	1078	1858	1827
Methylobacterium	0	0	0	0	0	0	6	0	0	0	10	0	0	0	0	0	0	0	0	0	0	0	0	0	0	228	8	0	0	0	0
Methyloversatilis	90	0	320	201	0	0	0	0	0	0	0	0	0	0	0	0	0	0	0	0	0	0	0	0	0	0	24	0	64	28	32
Microbacterium	0	0	0	0	0	0	0	0	0	0	0	0	0	0	0	0	0	0	0	433	0	0	0	0	0	0	0	0	0	0	0
Microbispora	0	0	0	0	0	0	0	0	0	0	0	0	0	0	0	18	0	0	0	0	0	0	0	0	0	0	0	0	0	0	0
Micrococcus	0	0	0	0	0	0	0	0	15	0	0	0	0	0	4	0	0	0	0	0	0	0	0	0	0	0	0	0	0	0	0
Mitsuokella	0	0	0	8	0	0	0	0	0	0	0	0	0	0	0	0	0	0	0	0	0	0	0	0	0	0	0	0	0	0	0
Mycobacterium	2746	29	12446	10893	46	100	30	138	172	126	18	95	17	50	97	39	1487	1038	870	725	372	289	72	148	72	274	4580	1861	4990	3775	2207
Mycoplana	2125	0	3029	2188	0	0	14	0	0	0	0	0	0	0	0	0	44	96	34	207	766	1226	0	34	0	11	1042	723	1108	1801	1354
Neisseria	34	0	0	0	0	0	0	0	0	0	71	0	0	0	0	176	0	0	0	0	0	0	0	0	0	0	106	0	0	0	0
Nesterenkonia	0	0	0	0	0	0	0	0	0	0	0	0	0	0	0	0	0	0	0	0	0	0	0	0	0	17	0	0	0	0	0
Nevskia	14	0	271	205	0	0	0	0	0	0	0	0	0	0	0	0	17	0	0	0	0	0	0	0	0	0	0	20	45	17	27
Nitrospira	5806	0	30916	23889	0	0	0	0	0	0	0	0	0	0	0	7	1721	836	428	891	2084	253	0	0	9	61	6973	3163	7619	4506	1050
Nonomuraea	0	0	0	0	0	0	0	0	0	0	0	0	0	0	0	7	0	0	0	0	0	0	0	0	0	0	0	0	0	0	0
Novosphingobium	17448	0	755	664	0	37	25	0	0	0	25	355	315	0	0	18	937	84	1565	1167	6489	5964	9320	638	73	111	6550	43548	2276	814	1006
Odoribacter	2	0	10	7	0	0	0	0	0	0	0	0	0	0	0	0	0	0	0	0	0	0	0	0	0	0	14	0	2	0	4
Opitutus	1599	0	2348	5548	0	0	0	0	0	0	0	0	0	0	0	0	249	594	92	109	181	180	0	0	0	0	1887	990	1891	1198	1043
Oscillospira	0	0	7	0	0	0	0	0	0	0	0	0	0	0	0	0	0	0	0	0	0	0	0	0	0	0	10	0	0	0	0
Paenibacillus	11	338	47	43	212	126	18	46	132	143	9	39	32	163	63	698	0	0	0	0	0	0	308	88	163	1570	19	14	0	0	0
Paludibacter	0	0	28	26	0	0	0	0	0	0	0	0	0	0	0	0	0	0	0	0	0	0	0	0	0	0	0	0	9	14	12
Pandoraea	0	0	0	0	0	0	0	0	0	0	2019	32	0	0	0	0	7	0	533	0	0	0	0	0	0	0	0	0	0	0	0
Parabacteroides	32	0	199	128	0	0	0	0	0	0	0	0	0	0	0	0	0	0	0	0	0	0	0	0	0	0	56	20	44	46	19
Paracoccus	206	0	336	259	0	0	0	0	7	0	0	0	0	0	21	0	0	0	0	0	221	87	0	0	18	0	146	0	317	354	223
Paraprevotella	0	0	27	0	0	0	0	0	0	0	0	0	0	0	0	0	0	0	0	0	0	0	0	0	0	0	0	0	0	0	0
Parvibaculum	2114	0	11621	7915	568	80	45	581	809	598	143	25	0	735	1535	327	2326	4161	1266	3957	640	193	0	62	280	223	2944	1477	5540	3664	3494
Pedobacter	284	0	256	181	20	0	0	0	0	14	0	0	0	0	0	0	0	0	0	0	12	0	9	0	0	10	70	71	58	94	72
Pedomicrobium	0	0	20	18	0	0	0	0	0	0	0	0	0	0	0	0	0	0	0	0	0	9	0	0	0	0	0	0	0	0	10
Pedosphaera	14	0	271	417	0	0	0	0	0	0	0	0	0	0	0	0	0	0	0	0	0	0	0	0	0	0	0	0	23	0	0
Peptoniphilus	0	0	0	0	0	0	0	0	0	2	0	0	0	0	0	0	0	0	0	0	0	0	0	0	0	0	0	0	0	0	0
Perlucidibaca	2148	0	11380	9262	1029	773	659	198	197	46	534	137	26	125	396	720	7222	4684	2619	5139	416	11	0	733	137	537	5290	4220	15978	3487	8801
Phaeospirillum	95	0	634	634	0	0	0	0	0	0	0	0	0	0	0	0	13	18	21	14	101	77	0	0	0	0	191	90	184	396	443
Phascolarctobacterium	0	0	56	9	0	0	0	0	0	0	0	0	0	0	0	0	0	0	0	0	0	0	0	0	0	0	10	0	16	0	8
Phenylobacterium	1547	0	337	492	32	135	652	35	34	152	26	80	0	0	16	146	375	280	83	259	684	365	0	38	78	101	1389	810	878	564	270
Phormidium	14	0	138	21	0	0	0	0	0	0	0	0	0	0	0	0	0	4	14	0	3165	6	0	0	0	0	9	7	247	767	1451
Phycicoccus	0	0	26	0	0	0	0	0	0	0	0	0	0	0	0	0	0	0	0	0	0	0	0	0	0	0	0	0	15	0	0
Phyllobacterium	0	28	0	0	0	0	0	0	0	0	0	0	0	0	0	0	0	0	0	0	0	0	0	0	0	0	0	0	0	0	0
Pirellula	0	0	47	38	0	0	0	0	0	0	0	0	0	0	0	0	0	0	0	0	0	5	0	0	0	0	12	0	9	16	0
Planctomyces	1139	0	2423	2629	0	0	0	0	0	6	0	5	0	0	0	6	329	227	166	250	630	348	0	0	0	0	1575	463	959	812	708
Polaromonas	2594	0	5188	2682	63	2013	222	49	68	114	131	4115	1366	76	81	470	357	221	140	1685	6558	9125	26	1037	2271	5053	3481	2023	3176	16223	9231
Polynucleobacter	551	0	1104	3100	0	0	0	0	12	0	0	0	0	0	0	0	18	159	13	22	7460	173	0	0	0	32	1269	286	1644	4357	5535
Porphyromonas	0	0	0	0	0	0	0	0	0	0	0	0	0	0	0	0	0	0	0	0	0	0	6	0	0	0	0	0	0	0	0
Prevotella	325	0	761	836	0	0	0	0	0	0	0	0	0	0	0	0	82	34	11	16	72	29	0	0	0	0	467	171	426	297	369
Propionivibrio	0	0	13	0	0	0	0	0	0	0	0	0	0	0	0	0	0	0	0	0	0	0	0	0	0	0	0	0	0	0	0
Prosthecobacter	594	0	1331	1268	0	469	13	0	0	3	0	0	0	6	0	4	449	28	14	90	3108	1843	0	0	0	4	539	112	315	3090	3237
Pseudanabaena	3437	8	246	294	0	0	3	0	5	2	0	0	6	7	7	0	73	382	15	34	57145	95695	4	0	0	4	7882	868	4663	42139	46599
Pseudomonas	8930	2412	392	1467	4813	21969	7032	21141	3954	17652	38388	18837	68142	3915	19769	9798	5186	20912	30119	15775	123	48	783	15123	6249	14283	11780	1199	20166	315	2116
Pseudonocardia	0	0	0	0	0	0	0	0	0	0	0	0	0	0	0	0	20	0	0	0	0	0	0	0	0	0	0	0	0	0	0
Pseudoxanthomonas	0	0	15	11	0	0	0	0	0	0	0	0	0	0	0	0	0	0	0	0	0	0	0	0	0	0	0	0	5	0	0
Psychrobacter	0	0	0	0	0	0	0	0	0	0	0	0	0	0	0	0	0	0	0	0	0	0	0	0	0	2	0	0	0	0	0
Ralstonia	0	12	0	0	12	0	0	0	0	0	0	0	0	0	0	0	0	0	0	0	0	0	5	0	0	0	0	0	0	0	0
Ramlibacter	0	0	25	0	0	0	0	0	0	0	0	0	0	0	0	0	0	0	0	0	0	0	0	0	0	0	0	0	0	0	0
RFN20	0	0	7	8	0	0	0	0	0	0	0	0	0	0	0	0	0	0	0	0	0	0	0	0	0	0	0	0	0	0	0
Rhizobium	0	0	77	70	0	0	0	0	0	0	0	0	0	0	0	0	31	0	0	0	0	76	0	0	0	0	68	0	36	112	73
Rhodanobacter	14532	17	2603	1707	62779	45082	66297	45114	58416	57652	44570	55358	81957	96143	92566	78872	25950	22784	21810	25335	1235	415	5973	3831	12681	9483	13899	17304	16454	1254	1079
Rhodobacter	31	0	309	226	0	0	0	0	0	0	0	0	0	0	0	0	13	0	0	0	233	20	0	0	0	0	103	28	49	166	130
Rhodococcus	0	0	18	20	0	0	0	0	105	0	0	0	0	0	0	0	0	56	0	0	0	0	0	0	0	0	12	8	0	11	7
Rhodoferax	141	0	51	63	491	254	474	602	592	353	135	182	0	661	361	323	498	413	143	258	39	43	0	22	211	243	184	0	164	0	0
Rhodoplanes	343	0	2023	1444	0	0	0	0	39	82	0	0	0	0	30	0	64	82	33	65	103	75	0	0	0	0	602	263	683	812	651
Roseburia	25	0	0	0	0	0	0	0	0	0	0	0	0	0	0	0	0	0	0	0	0	0	0	0	0	0	0	0	0	0	0
Roseococcus	0	0	27	47	0	0	0	0	0	0	0	0	0	0	0	0	0	0	0	0	25	20	0	0	0	0	13	0	0	89	260
Roseomonas	0	0	0	0	0	0	0	0	0	0	0	0	0	0	10	0	0	0	0	0	0	0	0	0	0	0	0	0	0	0	0
Rubrivivax	70	0	272	112	0	0	0	0	0	0	0	0	0	0	0	0	0	0	0	0	58	28	0	0	0	0	52	29	220	113	129
Ruminococcus	49	0	187	217	0	0	0	0	0	0	0	0	0	0	0	0	0	0	0	0	0	0	0	0	0	0	24	18	15	39	0
Runella	20	0	40	13	0	0	0	0	0	0	0	0	0	0	0	0	0	0	0	0	22	54	0	0	0	0	15	16	27	10	9
Salinibacterium	386	0	791	654	198	321	321	125	333	187	49	0	0	161	315	134	4839	2036	486	1860	457	273	0	0	0	0	974	330	637	777	417
SC3-56	0	0	0	9	0	0	0	0	0	0	0	0	0	0	0	0	0	0	0	0	0	0	0	0	0	0	0	0	0	0	0
Sediminibacterium	1695	0	608	496	0	29	0	0	0	0	0	0	0	0	0	0	98	0	34	220	5979	4716	0	0	18	0	896	1263	647	1866	1176
Shewanella	0	0	0	0	0	6	0	0	0	0	0	0	0	0	0	0	0	0	0	0	0	0	0	0	0	0	0	0	0	0	0
Skermanella	0	0	0	0	0	0	0	0	0	0	0	0	0	0	0	0	0	0	0	0	0	16	0	0	0	9	0	0	0	0	0
Sphingobium	220	0	128	110	0	128	87	0	0	0	0	40	11	16	0	70	44	12	38	14	39	63	277	107	19	0	286	394	192	125	33
Sphingomonas	555	84	350	129	99	0	117	0	110	0	314	147	0	0	0	599	205	194	2261	348	399	114	189	0	54	57	622	293	434	256	322
Sphingopyxis	13	0	0	0	0	0	0	0	0	0	0	0	0	0	0	6	0	0	0	0	31	18	0	0	0	0	0	0	0	9	12
Spirochaeta	0	0	3	56	0	0	0	0	0	0	0	0	0	0	0	0	0	0	0	0	0	0	0	0	0	0	0	0	0	0	0
Spirosoma	214	0	0	0	59	41	45	0	3	3	13	28	0	0	7	74	754	379	355	127	0	0	0	4	0	0	560	304	258	0	0
Spirulina	0	0	0	0	0	0	0	0	0	0	0	0	0	0	0	0	0	0	0	0	31	0	0	0	0	0	0	0	0	0	0
Staphylococcus	0	155	0	0	51	0	0	0	0	0	0	24	0	83	140	17	0	0	0	0	0	0	103	0	19	37	0	0	0	0	0
Stenotrophomonas	0	0	0	0	0	0	0	0	0	0	0	0	0	0	0	0	0	0	0	0	0	0	28	0	0	14	0	0	0	0	0
Steroidobacter	0	0	67	12	0	0	0	0	0	0	0	0	0	0	0	0	0	0	0	0	0	0	0	0	0	0	9	0	0	11	0
Streptococcus	0	20	93	108	0	0	0	0	5	21	0	0	0	8	3	2	7	155	0	96	0	0	0	0	0	4	49	7	11	41	140
Streptomyces	0	702	0	14	148	148	112	55	252	144	55	176	147	136	61	561	0	0	0	0	0	0	367	110	128	1320	0	15	0	0	0
Succinivibrio	0	0	0	3	0	0	0	0	0	0	0	0	0	0	0	0	0	0	0	0	0	0	0	0	0	0	0	0	0	0	0
Sulfuritalea	27	0	442	192	0	0	0	0	0	0	0	0	0	0	0	0	0	0	0	0	25	0	14	0	0	0	39	21	33	142	127
Sulfurospirillum	0	0	0	21	0	0	0	0	0	0	0	0	0	0	0	0	0	0	0	0	0	0	0	0	0	0	0	0	9	5	0
Sutterella	0	0	11	0	0	0	0	0	0	0	0	0	0	0	0	0	0	0	0	0	0	0	0	0	0	0	0	0	0	0	0
Synechococcus	0	0	0	0	0	0	0	0	0	0	0	0	0	0	0	0	0	0	0	0	0	0	0	0	0	0	0	0	0	0	22
Telmatospirillum	9	0	639	427	0	0	0	0	0	0	0	0	0	0	0	0	0	0	0	0	11	0	0	0	0	0	3	35	40	146	168
Thermomonas	0	0	89	0	0	0	0	0	0	0	0	0	0	0	0	0	0	0	0	0	0	0	0	0	0	0	34	0	38	26	63
Thiobacillus	98	0	264	237	0	0	0	0	0	0	0	0	0	0	0	0	27	61	0	20	28	0	0	0	0	0	40	17	137	135	123
Thiomonas	0	0	0	0	0	0	0	0	197	0	0	0	0	25	0	0	0	0	0	0	0	0	0	0	0	0	0	0	0	0	0
Tolumonas	0	0	11	0	0	0	0	0	0	0	0	0	0	0	0	0	0	0	0	0	0	0	0	0	0	0	0	0	0	0	0
Treponema	0	0	11	10	0	0	0	0	0	0	0	0	0	0	0	0	0	0	0	0	0	0	0	0	0	0	0	0	0	0	0
Trichococcus	0	0	33	23	0	0	0	0	0	0	0	0	0	0	0	0	0	0	0	0	0	0	0	0	0	0	14	0	0	14	0
Tsukamurella	12	0	35	28	0	0	0	0	0	0	0	0	0	0	0	0	0	0	0	0	0	0	0	0	0	0	9	0	7	7	7
Turicibacter	81	0	340	255	0	0	0	0	0	0	0	0	0	11	0	0	71	74	12	7	12	10	0	0	0	0	223	118	117	147	87
vadinHB04	0	0	15	6	0	0	0	0	0	0	0	0	0	0	0	0	0	0	0	0	0	0	0	0	0	0	0	0	0	13	0
Variovorax	0	63	0	0	0	0	0	0	0	0	0	0	0	0	0	17	0	0	0	0	0	0	0	0	0	0	17	0	35	0	0
Virgibacillus	0	32	0	0	0	0	0	11	0	0	0	0	0	20	33	48	0	0	0	0	0	0	0	0	0	72	0	0	0	0	0
Weissella	0	0	0	5	0	0	0	0	0	0	0	0	0	0	0	0	0	0	0	0	0	0	0	0	0	23	0	0	0	0	0
Xanthobacter	0	0	0	0	0	0	0	83	148	206	9	0	0	0	24	44	0	0	0	0	0	0	0	47	7	16	0	0	10	0	0
Zoogloea	134	0	514	511	0	0	0	0	0	0	0	0	0	0	0	0	0	0	0	0	69	101	0	0	94	0	201	32	209	53	32
