"feature_id"	"1.1_environment"	"1.1_plant"	"1.10_environment"	"1.10_plant"	"1.12_environment"	"1.12_plant"	"1.13_environment"	"1.13_plant"	"1.15_environment"	"1.15_plant"	"1.16_environment"	"1.16_plant"	"1.18_environment"	"1.18_plant"	"1.19_environment"	"1.19_plant"	"1.21_environment"	"1.21_plant"	"1.22_environment"	"1.22_plant"	"1.24_environment"	"1.24_plant"	"1.3_environment"	"1.3_plant"	"1.4_environment"	"1.4_plant"	"1.6_environment"	"1.6_plant"	"1.7_environment"	"1.7_plant"	"1.9_environment"	"1.9_plant"	"2.1_environment"	"2.1_plant"	"2.10_environment"	"2.10_plant"	"2.12_environment"	"2.12_plant"	"2.13_environment"	"2.13_plant"	"2.15_environment"	"2.15_plant"	"2.16_environment"	"2.16_plant"	"2.18_environment"	"2.18_plant"	"2.19_environment"	"2.19_plant"	"2.21_environment"	"2.21_plant"	"2.22_environment"	"2.22_plant"	"2.24_environment"	"2.24_plant"	"2.3_environment"	"2.3_plant"	"2.4_environment"	"2.4_plant"	"2.6_environment"	"2.6_plant"	"2.7_environment"	"2.7_plant"	"2.9_environment"	"2.9_plant"	"3.1_environment"	"3.1_plant"	"3.10_environment"	"3.10_plant"	"3.12_environment"	"3.12_plant"	"3.13_environment"	"3.13_plant"	"3.15_environment"	"3.15_plant"	"3.16_environment"	"3.16_plant"	"3.18_environment"	"3.18_plant"	"3.19_environment"	"3.19_plant"	"3.21_environment"	"3.21_plant"	"3.22_environment"	"3.22_plant"	"3.24_environment"	"3.24_plant"	"3.3_environment"	"3.3_plant"	"3.4_environment"	"3.4_plant"	"3.6_environment"	"3.6_plant"	"3.7_environment"	"3.7_plant"	"3.9_environment"	"3.9_plant"
"4-29"	0	0	0	0	0	0	6	7	12	12	8	12	8	0	0	0	0	0	0	0	0	0	0	0	0	0	0	0	0	0	0	0	0	0	0	0	0	0	0	13	10	8	0	0	4	0	0	0	0	0	0	0	0	0	0	0	0	0	0	0	0	0	0	0	0	0	0	0	0	0	0	0	0	0	0	0	0	0	0	0	0	0	0	0	0	0	0	0	0	0	0	0	0	0	0	0
"A17"	0	0	0	0	0	0	0	0	0	0	0	0	0	0	0	0	0	0	0	0	0	0	0	0	0	0	0	0	0	0	0	0	0	0	0	0	0	0	0	0	0	0	0	0	0	0	0	0	0	0	0	0	0	0	0	2	0	0	0	0	0	0	0	0	0	0	0	0	0	0	0	0	0	0	0	0	0	0	0	0	0	0	0	0	0	0	0	0	0	0	0	0	0	0	0	0
"Achromobacter"	0	0	0	0	0	70	0	16	0	6	12	7	0	3	0	7	0	11	0	0	0	9	0	0	0	0	0	0	0	0	0	5	0	0	0	0	0	0	0	0	0	50	0	0	0	34	3	0	0	9	0	65	0	2	0	0	0	0	0	0	0	0	0	12	0	0	0	0	0	0	0	0	0	0	0	0	0	6	0	54	0	0	0	4	0	0	0	0	0	0	0	0	0	0	0	0
"Acidocella"	0	0	0	0	0	0	0	7	0	0	0	0	0	0	0	0	0	0	0	0	0	0	0	0	0	0	0	0	0	0	0	0	0	0	0	0	0	0	0	5	0	0	0	0	0	0	0	0	0	6	0	0	0	0	0	0	0	0	0	0	0	0	0	0	0	0	0	0	0	0	0	0	0	0	0	0	0	0	0	0	0	0	0	0	0	0	0	4	0	0	0	0	0	0	0	0
"Actinocorallia"	0	29	0	108	0	131	30	25	0	316	0	31	7	84	0	148	0	85	4	153	14	77	0	88	0	153	0	88	0	40	0	0	0	18	0	53	0	54	0	70	0	65	11	212	4	51	0	377	0	354	0	474	0	233	0	120	0	64	0	70	0	28	0	281	8	0	0	41	0	147	0	6	0	8	0	12	0	20	0	243	0	59	0	88	0	0	0	1443	0	361	0	624	0	200	0	113
"Actinomadura"	0	0	0	0	0	0	0	0	0	11	0	0	0	0	0	0	0	0	0	0	0	0	0	0	0	0	0	0	0	0	0	0	0	0	0	0	0	0	0	0	0	0	0	38	0	0	0	0	0	0	0	0	0	0	0	0	0	0	0	0	0	0	0	0	0	0	0	0	0	0	0	0	0	0	0	0	0	0	0	0	0	0	0	0	0	0	0	0	0	0	0	0	0	0	0	0
"Actinomyces"	0	0	0	0	0	0	0	0	0	0	0	0	0	0	0	0	0	0	0	0	0	0	0	0	0	0	0	0	0	0	0	0	0	0	0	0	0	0	0	0	0	0	0	0	0	0	0	0	0	0	0	0	0	2	0	0	0	0	0	0	0	0	0	0	0	0	0	0	0	0	0	0	0	0	0	0	0	0	0	0	0	0	0	0	0	0	0	0	0	0	0	0	0	0	0	0
"Actinomycetospora"	0	0	0	0	0	0	0	0	13	0	7	0	16	0	0	0	0	0	0	0	0	0	0	0	0	0	0	0	0	0	0	0	0	0	0	0	0	0	0	9	0	0	6	0	0	0	0	0	0	0	26	0	18	0	0	0	0	0	0	0	0	0	0	0	9	0	0	0	0	0	0	0	0	0	0	0	0	0	0	0	0	0	0	0	0	0	0	0	0	0	0	0	0	0	0	0
"Actinoplanes"	0	0	0	0	0	0	0	0	0	0	0	0	0	19	0	24	0	7	13	42	0	77	0	0	0	0	0	0	0	0	0	0	0	5	0	21	0	0	0	0	0	0	0	18	0	0	0	59	0	118	0	55	0	74	0	0	0	0	0	0	0	0	0	0	0	0	0	0	0	0	0	0	0	0	0	0	0	0	0	9	0	0	0	0	0	0	0	0	0	0	0	0	0	0	0	0
"Adhaeribacter"	0	0	0	0	0	0	0	26	31	35	33	49	0	31	28	0	0	0	36	21	48	0	0	0	0	0	0	0	0	0	0	0	0	0	0	0	0	0	0	25	92	0	53	0	45	0	22	0	42	0	28	0	35	0	0	0	0	0	0	0	0	0	0	0	0	0	0	0	0	0	0	0	0	0	0	0	0	0	0	14	0	0	6	0	0	0	0	7	0	0	0	0	0	0	0	0
"Aerococcus"	0	0	0	0	0	0	0	0	0	0	0	0	0	0	0	0	0	0	0	0	0	0	0	0	0	0	0	0	0	0	0	0	0	0	0	0	0	0	0	0	0	0	0	0	0	0	0	0	0	0	0	0	0	30	0	0	0	0	0	0	0	0	0	0	0	0	0	0	0	0	0	0	0	0	0	0	0	0	0	0	0	0	0	0	0	0	0	0	0	0	0	0	0	0	0	0
"Aeromicrobium"	0	28	4	21	0	20	0	18	0	96	0	18	0	111	0	25	7	80	0	147	12	104	0	37	0	59	0	20	0	27	0	26	0	20	0	32	0	67	13	51	0	89	9	73	0	36	0	99	0	105	11	154	12	142	0	47	0	23	0	31	0	102	0	76	0	0	0	32	0	49	0	0	0	0	0	8	0	27	0	0	7	55	7	50	5	32	0	75	0	6	0	24	0	16	0	35
"Afifella"	0	0	0	0	0	0	20	34	52	29	47	28	18	0	12	0	0	0	0	0	23	0	0	6	0	5	0	0	0	9	0	3	0	0	0	0	0	0	21	0	40	24	45	15	0	0	8	0	0	0	15	0	18	0	0	10	0	8	0	0	11	0	9	0	9	0	0	0	0	0	0	0	0	5	0	0	0	0	0	0	0	0	0	0	0	0	4	0	0	0	0	0	0	0	0	0
"Agrobacterium"	0	22	0	22	0	141	0	88	0	248	0	65	0	53	0	34	0	69	0	27	0	3	0	41	0	46	0	16	0	23	0	61	5	61	0	13	0	383	0	54	0	100	0	22	0	25	0	29	0	91	0	82	9	85	0	26	0	20	0	52	0	55	0	56	0	10	0	3	0	84	0	0	0	0	0	9	0	13	0	31	0	27	0	37	0	0	11	24	10	119	0	65	0	4696	0	25
"Agrococcus"	0	0	0	0	0	0	0	29	0	0	0	16	0	0	0	0	0	0	0	0	0	0	0	0	0	0	0	0	0	0	0	0	0	0	0	0	0	0	0	0	0	0	0	0	0	0	0	0	0	0	0	0	0	0	0	0	0	0	0	0	0	0	0	0	0	0	0	0	0	0	0	0	0	0	0	0	0	0	0	0	0	0	0	0	0	0	0	8	0	0	0	0	0	0	0	0
"Agromyces"	0	23	12	4	0	0	108	129	172	229	1121	141	55	129	36	66	44	103	57	164	76	87	7	10	0	7	0	0	0	8	7	0	0	0	6	12	0	4	57	82	149	248	130	168	40	99	30	80	51	94	60	122	54	103	0	0	0	12	0	0	0	0	4	25	21	12	0	0	0	0	34	24	0	54	0	36	0	41	7	75	16	24	18	71	20	57	0	11	0	0	0	0	0	26	0	33
"Alicyclobacillus"	0	25	37	0	29	0	0	55	63	54	70	72	41	33	37	0	27	25	28	41	65	22	40	0	0	34	25	23	0	36	0	0	14	24	24	0	50	0	52	70	102	61	95	45	48	50	49	23	48	28	53	33	70	31	15	0	35	0	31	0	0	0	30	0	0	0	0	0	0	0	0	0	0	0	0	0	0	0	0	0	0	0	25	0	0	0	0	23	0	20	0	0	26	18	0	0
"Amaricoccus"	0	5	10	0	0	0	32	85	44	56	84	73	19	17	17	12	16	19	10	30	28	13	0	0	0	3	0	0	0	0	0	6	8	14	7	8	0	0	23	26	73	58	55	38	14	14	17	13	17	11	21	17	22	18	0	0	0	0	0	0	0	0	0	0	10	0	0	0	0	0	0	0	0	12	0	0	0	0	0	0	0	0	14	11	0	21	0	2	0	0	0	0	0	0	0	0
"Ammoniphilus"	8	0	0	0	4	5	11	20	16	12	19	10	0	0	8	0	0	0	16	8	18	7	0	0	9	4	0	0	0	3	0	0	0	0	0	6	0	10	0	0	23	0	26	0	0	0	0	5	21	0	16	0	14	0	5	0	12	3	0	0	0	0	0	0	0	0	7	0	0	0	0	0	0	0	0	0	0	0	0	0	0	0	0	0	0	0	0	0	0	0	0	0	0	0	0	0
"Amycolatopsis"	0	17	0	0	0	0	28	10	0	0	0	9	0	45	0	25	0	17	0	13	6	32	0	0	0	0	0	0	0	0	0	0	0	0	14	0	0	0	0	29	0	180	0	0	0	0	0	58	0	128	5	47	0	0	0	0	0	11	3	0	0	0	0	0	9	0	0	0	0	0	0	0	0	63	0	0	0	167	0	24	0	8	3	21	0	20	0	9	0	27	0	0	0	0	0	0
"Anaerococcus"	0	0	0	0	0	0	0	9	0	0	0	0	0	0	0	0	0	0	0	0	0	0	0	0	0	0	0	0	0	0	0	0	0	0	0	0	0	0	0	0	0	0	0	0	0	0	0	0	0	4	0	0	0	0	0	0	0	0	0	0	0	0	0	0	0	0	0	0	0	0	0	0	0	0	0	0	0	0	0	0	0	0	0	0	0	0	0	0	0	0	0	0	0	0	0	0
"Anaeromyxobacter"	0	0	0	0	0	0	0	0	89	0	28	0	0	0	0	0	0	0	0	0	0	0	0	0	0	0	0	0	0	0	0	0	0	0	0	0	0	0	0	0	0	15	20	0	0	0	19	23	14	0	0	0	0	0	0	0	0	0	0	0	0	0	0	0	0	0	0	0	0	0	0	0	0	0	0	0	0	0	0	0	0	0	0	0	0	0	0	0	0	0	0	0	0	0	0	0
"Anaerovorax"	0	0	0	0	0	0	0	0	0	0	0	0	0	0	0	0	0	0	0	0	0	0	0	0	0	0	0	0	0	0	0	0	0	0	0	0	0	0	0	0	0	0	0	0	0	0	0	0	0	0	0	0	0	0	0	0	0	0	0	0	0	0	0	0	0	0	0	0	0	0	0	0	0	0	0	3	0	0	0	0	0	0	0	0	0	0	0	0	0	0	0	0	0	0	0	0
"Aquicella"	0	0	0	0	0	0	0	0	0	0	0	0	0	0	0	0	0	0	0	0	0	0	0	0	0	0	2	0	0	0	0	0	0	0	0	0	0	0	0	0	0	0	0	0	0	0	0	0	0	0	0	4	0	7	0	0	0	0	0	0	0	0	0	0	0	0	0	0	0	0	0	0	0	0	0	0	0	0	0	0	0	0	0	0	0	0	0	0	0	0	0	0	0	0	0	0
"Ardenscatena"	0	0	0	0	0	0	5	7	0	0	0	0	0	0	0	0	0	0	0	0	0	0	0	0	0	0	0	0	0	0	0	0	0	0	0	0	0	0	0	0	0	5	0	0	0	0	0	0	0	6	0	0	0	0	0	0	0	0	0	0	0	0	0	0	0	0	0	0	0	0	0	0	0	0	0	0	0	0	0	0	0	0	0	0	0	0	0	0	0	0	0	0	0	0	0	0
"Arthrobacter"	21	36	0	0	17	34	0	29	0	0	0	0	0	0	16	0	0	0	13	0	26	0	0	0	15	31	0	0	0	57	25	0	0	0	0	0	9	7	0	20	0	0	0	0	0	21	0	26	0	0	0	38	24	0	0	0	0	17	17	8	0	0	39	10	0	5	0	0	13	0	0	0	0	10	0	0	0	0	0	0	0	0	0	0	0	0	0	35	0	0	16	21	0	21	13	18
"Asticcacaulis"	0	65	0	39	0	190	0	0	0	132	0	74	0	9	0	15	0	0	0	31	0	45	0	212	0	180	0	156	0	242	0	83	0	98	0	37	0	153	0	31	0	77	0	33	0	8	9	43	0	25	0	46	0	99	0	109	0	49	0	199	0	303	0	137	0	17	0	21	0	184	0	0	0	0	0	0	0	0	0	0	0	0	0	0	0	0	4	327	0	342	0	328	0	226	0	201
"Azoarcus"	0	0	0	0	0	0	3	0	22	9	12	8	0	0	0	0	0	0	0	0	0	0	0	0	0	0	0	0	0	0	0	27	0	0	0	30	0	16	0	0	0	16	9	0	4	0	0	0	0	0	0	0	0	0	0	0	0	0	0	0	0	0	0	0	0	0	0	0	0	0	0	0	0	0	0	0	0	0	0	0	0	0	0	0	0	0	0	0	0	0	0	0	0	0	0	0
"Azospirillum"	0	0	0	0	0	0	0	0	0	0	0	0	0	0	0	0	0	0	0	0	0	0	0	6	0	0	0	0	0	4	0	0	0	0	0	0	0	0	0	0	0	0	0	0	0	0	0	0	0	0	0	0	0	0	0	0	0	0	0	0	0	0	0	8	0	0	0	0	0	0	0	0	0	0	0	0	0	0	0	0	0	0	0	0	0	0	0	0	0	188	0	0	0	0	0	29
"Bacillus"	246	173	442	189	336	199	488	1406	825	682	910	870	484	301	655	347	505	429	676	764	1237	483	275	252	186	155	237	154	174	129	288	80	159	116	285	248	430	222	483	857	973	777	684	461	520	384	480	318	853	375	1564	421	964	333	186	247	223	188	179	116	149	209	239	329	367	60	184	111	307	112	0	90	0	67	0	81	50	11	68	135	70	81	128	114	44	160	202	360	94	175	224	158	178	199	169	202
"Balneimonas"	17	15	0	0	0	0	41	162	101	182	152	174	59	63	64	37	66	112	75	137	125	67	0	0	0	4	0	0	0	0	11	0	0	10	19	19	20	0	30	82	95	134	100	144	31	75	14	62	53	75	39	108	47	63	0	0	0	10	0	9	0	0	18	11	24	0	0	0	0	0	0	16	0	23	0	11	16	0	0	0	0	18	0	0	17	14	0	0	16	6	0	0	0	0	0	0
"Bdellovibrio"	0	49	22	43	6	8	26	159	79	228	77	151	36	62	0	79	31	15	28	107	65	90	0	118	22	86	0	10	8	43	12	0	10	86	17	0	10	31	0	135	115	127	99	82	54	50	38	79	26	111	36	123	31	204	19	30	8	8	0	36	13	113	13	85	25	13	4	0	16	25	0	7	0	10	0	23	0	19	0	12	0	4	0	8	0	0	8	129	9	333	0	90	3	33	0	66
"Bosea"	0	56	0	66	0	73	0	74	0	0	0	32	0	32	0	0	0	21	0	0	0	23	0	91	0	97	33	63	0	74	0	63	3	55	0	124	0	170	0	0	0	0	0	0	19	0	0	12	0	34	0	0	0	0	0	41	27	40	0	60	0	144	0	131	0	24	0	70	0	98	0	0	0	0	0	0	0	8	0	0	0	0	0	0	0	21	21	106	0	129	0	90	0	31	0	47
"Brachybacterium"	0	0	0	0	0	0	0	0	0	0	0	0	0	0	0	0	0	0	0	0	0	0	0	0	0	0	0	0	0	0	0	0	0	0	0	0	0	0	0	0	0	0	0	0	0	0	0	0	0	0	0	0	0	86	0	0	0	0	0	0	0	0	0	0	0	0	0	0	0	0	0	0	0	0	0	0	0	0	0	0	0	0	0	0	0	0	0	0	0	0	0	0	0	0	0	0
"Bradyrhizobium"	26	95	23	71	31	48	0	37	0	100	25	38	22	16	0	76	30	58	44	144	121	69	20	0	35	93	0	134	22	60	55	0	76	358	27	96	28	88	0	54	18	49	0	11	0	29	0	133	33	67	0	176	35	151	56	118	25	32	22	115	0	142	35	173	49	16	0	43	32	95	0	0	0	0	0	0	0	41	14	24	0	23	19	46	9	0	0	386	0	259	61	220	47	205	0	105
"Brevibacillus"	24	0	0	0	0	0	0	0	0	0	0	0	0	0	0	0	0	0	0	0	0	0	0	0	0	0	0	0	0	0	0	0	0	0	0	0	0	0	0	0	0	0	0	0	0	0	0	0	0	0	0	0	0	0	0	0	0	0	0	0	0	0	0	0	0	0	0	0	0	0	0	0	0	0	0	0	0	0	0	0	0	0	0	0	0	0	0	0	0	0	0	0	0	0	0	0
"Brevibacterium"	0	0	0	0	0	0	0	0	0	0	0	0	0	0	0	0	0	0	0	0	0	4	0	0	0	0	0	0	0	0	0	0	0	0	0	0	0	0	0	0	0	0	0	0	0	8	0	0	0	0	0	0	0	178	0	0	0	0	0	0	0	0	0	0	0	0	0	0	0	0	0	0	0	0	0	0	0	0	0	0	0	0	0	0	0	0	0	0	0	0	0	0	0	0	0	0
"Brevundimonas"	0	0	0	0	0	332	0	0	0	0	0	67	0	12	0	0	0	10	0	0	0	0	0	0	0	0	0	0	0	0	0	0	0	0	0	0	0	0	0	0	0	0	0	0	0	0	0	0	0	0	0	10	0	0	0	0	0	0	0	0	0	0	0	0	0	0	0	0	0	0	0	0	0	0	0	0	0	0	0	15	0	0	0	0	0	0	0	0	0	0	0	0	0	0	0	0
"Buchnera"	0	0	0	0	0	0	0	0	0	0	0	0	0	0	0	0	0	0	0	0	0	0	0	0	0	0	0	0	0	0	0	0	0	0	0	0	0	0	0	38	0	0	0	0	0	0	0	0	0	0	0	0	0	0	0	0	0	0	0	0	0	0	0	0	0	0	0	0	0	0	0	0	0	0	0	0	0	0	0	6	0	0	0	0	0	0	0	0	0	0	0	0	0	0	0	0
"Burkholderia"	13	95	32	79	44	241	7	388	0	308	8	94	9	84	30	127	11	57	22	83	51	163	40	257	29	155	42	2209	52	757	55	72	26	108	39	321	86	601	7	296	0	164	0	130	0	49	0	205	9	170	13	134	33	164	25	182	17	248	35	326	25	290	0	164	45	48	12	63	34	162	0	65	0	115	0	160	0	143	0	89	0	25	0	62	0	104	38	314	0	207	48	493	42	317	17	172
"Caldicoprobacter"	0	0	0	0	0	0	0	0	0	0	0	26	0	0	0	0	0	0	0	0	19	0	0	0	0	0	0	0	0	0	0	0	0	0	0	0	0	0	19	0	0	0	0	0	0	0	0	0	0	0	0	0	0	0	0	0	0	0	0	0	0	0	0	0	0	0	0	0	0	0	0	0	0	0	0	0	0	0	0	10	0	0	0	0	0	0	0	0	0	0	0	0	0	0	0	0
"Caloramator"	0	0	0	0	0	0	10	0	0	13	0	14	0	0	0	0	0	0	0	0	0	0	0	8	0	0	0	0	5	0	7	0	8	0	0	0	0	0	0	0	0	10	0	0	10	0	0	0	0	0	0	0	0	0	12	0	0	12	0	0	0	0	0	0	17	0	0	0	0	0	0	0	0	0	0	0	0	0	0	0	0	0	0	0	0	0	12	11	0	0	0	0	0	0	0	0
"Candidatus Entotheonella"	0	0	0	0	0	0	0	0	6	8	0	0	0	0	0	0	0	0	0	0	0	0	0	0	0	0	0	0	0	0	0	0	0	0	0	0	0	0	0	0	10	0	10	0	0	0	0	0	0	0	0	0	0	0	0	0	0	0	0	0	0	0	0	0	0	0	0	0	0	0	0	0	0	0	0	0	0	0	0	0	0	0	0	0	0	0	0	0	0	0	0	0	0	0	0	0
"Candidatus Koribacter"	182	43	82	18	182	47	0	0	0	0	0	0	6	5	10	0	0	12	11	0	55	13	178	106	119	66	148	86	250	47	139	0	172	50	71	35	221	55	0	0	0	0	0	0	20	0	0	9	0	0	25	0	59	27	204	136	150	81	228	47	131	107	109	37	205	23	40	0	163	52	0	0	0	0	0	0	0	0	0	0	0	0	0	0	6	0	168	162	75	57	195	43	177	110	77	41
"Candidatus Protochlamydia"	0	13	0	0	0	0	0	0	16	0	0	0	0	0	0	0	0	0	0	0	36	0	0	0	0	0	0	0	0	0	0	0	0	0	0	0	0	0	0	25	0	13	0	0	0	0	0	0	29	0	0	0	48	0	0	0	0	0	0	0	0	0	0	0	0	0	0	0	0	0	0	0	0	0	0	0	0	0	0	0	0	0	0	0	0	0	0	0	0	7	0	0	0	0	0	0
"Candidatus Rhabdochlamydia"	0	0	0	0	0	0	0	0	15	0	0	0	0	0	21	0	0	0	0	0	18	23	0	0	0	0	0	0	0	0	0	0	0	0	0	0	13	0	0	33	0	0	0	0	41	0	0	0	28	0	15	9	0	0	0	0	0	0	0	0	0	0	0	0	0	0	0	0	0	0	0	0	0	0	0	0	0	0	0	0	0	0	0	0	0	0	0	0	0	0	0	0	0	0	0	0
"Candidatus Solibacter"	329	140	358	50	347	81	150	201	121	48	175	34	265	57	348	76	299	142	306	184	902	74	247	87	187	147	270	74	297	65	351	26	296	90	181	98	442	93	112	71	110	38	126	28	242	71	260	63	288	87	357	107	413	122	327	114	225	90	250	59	165	111	196	78	401	27	133	22	262	57	0	0	0	0	0	0	49	0	73	30	0	25	88	40	35	47	309	233	102	85	262	68	269	153	195	95
"Catellatospora"	0	0	0	0	0	0	0	0	0	0	0	0	0	0	0	0	0	16	0	11	0	0	0	0	0	0	0	0	0	0	0	0	0	6	0	8	0	0	25	0	0	0	0	0	0	0	0	0	0	0	0	0	35	4	0	0	0	0	0	0	0	0	0	0	0	0	0	0	0	0	0	0	0	0	0	0	0	0	0	0	0	0	0	0	0	0	0	0	0	0	0	0	0	0	0	0
"Caulobacter"	0	0	0	0	0	0	0	0	0	0	0	0	0	16	0	0	0	22	0	0	0	0	0	0	0	0	0	0	0	0	0	0	0	0	0	0	0	0	0	0	0	0	0	86	0	25	0	25	0	0	0	0	0	0	0	0	0	0	0	0	0	0	0	27	0	0	0	0	0	0	0	0	0	0	0	0	0	0	0	0	0	0	0	0	0	0	0	0	0	0	0	0	0	0	0	0
"Cellulomonas"	0	30	0	0	0	0	16	16	18	25	44	25	0	8	16	12	13	32	19	26	23	12	0	0	0	0	0	0	0	0	0	0	0	23	0	0	0	0	24	0	19	56	28	17	23	14	0	29	8	0	0	15	0	22	0	0	0	0	0	0	0	0	0	0	0	0	0	0	0	0	0	0	0	19	0	0	0	0	0	12	0	0	7	0	0	9	0	0	0	8	6	18	0	0	0	25
"Cellvibrio"	0	74	0	19	0	154	0	223	0	371	0	335	0	517	0	70	0	21	0	66	0	189	0	98	0	121	0	105	0	50	0	11	0	100	0	30	0	224	0	308	9	564	0	323	8	102	0	77	8	103	0	122	0	99	0	66	0	67	0	96	0	181	0	57	0	29	0	9	0	23	0	70	0	40	0	22	0	14	0	22	0	10	0	22	0	0	0	167	0	48	0	337	0	115	0	56
"Chryseobacterium"	0	0	0	48	0	97	0	19	0	0	0	20	0	0	0	11	0	0	0	0	0	0	0	0	0	18	0	0	0	28	0	24	0	0	0	0	3	0	0	30	0	0	0	8	0	10	0	33	0	4	0	0	0	7	0	0	0	0	0	0	0	0	0	0	0	0	0	0	0	0	0	0	0	0	0	0	0	75	0	0	0	0	0	0	0	0	0	0	0	0	0	0	0	0	0	0
"Cloacibacterium"	0	0	0	0	0	38	0	0	0	0	0	0	0	0	0	0	0	0	0	0	0	0	0	0	0	0	0	0	0	0	0	0	0	0	0	0	0	0	0	0	0	0	0	0	0	0	0	0	0	0	0	0	0	0	0	0	0	0	0	0	0	0	0	0	0	0	0	0	0	0	0	0	0	0	0	0	0	0	0	0	0	0	0	0	0	0	0	0	0	0	0	0	0	0	0	0
"Clostridium"	21	22	65	16	34	32	61	264	127	148	133	153	90	76	97	69	96	70	75	106	165	65	31	77	49	58	53	12	15	0	82	17	25	30	39	35	59	21	107	130	126	134	121	115	104	72	102	69	149	80	119	48	105	29	46	46	47	74	22	34	32	36	50	64	56	0	19	0	33	14	0	18	0	0	0	11	6	0	0	26	0	16	39	0	0	61	40	94	33	46	52	17	39	56	28	26
"Cohnella"	33	0	0	0	0	0	0	29	33	38	26	172	0	0	0	0	21	0	15	26	27	0	0	0	0	0	0	0	0	0	12	0	0	0	0	0	0	0	0	0	51	38	0	22	26	0	41	0	30	0	29	0	23	0	0	0	0	0	0	0	0	0	0	0	0	0	0	0	0	0	0	0	0	0	0	0	0	0	0	0	0	0	0	0	0	0	0	0	0	0	0	0	0	0	0	0
"Comamonas"	0	0	0	0	0	0	0	0	0	0	0	0	0	0	0	0	0	0	0	0	0	0	0	0	0	6	0	0	0	0	0	0	0	0	0	0	0	0	0	0	0	0	0	0	0	0	0	0	0	0	0	0	0	0	0	0	0	0	0	0	0	0	0	0	0	0	0	0	0	0	0	0	0	0	0	0	0	0	0	0	0	0	0	0	0	0	0	0	0	0	0	0	0	0	0	0
"Conexibacter"	0	0	0	0	0	0	0	0	0	0	0	0	0	0	0	0	0	0	0	0	0	0	0	0	0	0	7	37	0	0	0	0	0	0	0	0	0	0	0	0	0	0	0	0	0	0	0	0	0	0	0	0	0	0	0	0	0	0	25	0	0	0	0	0	0	0	0	0	0	0	0	0	0	0	0	0	0	0	0	0	0	0	0	0	0	15	0	0	0	0	17	30	0	0	0	0
"Coprococcus"	0	0	19	0	0	0	0	59	28	46	31	49	0	0	0	10	21	11	0	11	0	13	0	0	0	0	0	0	0	0	22	0	0	0	0	0	0	2	21	39	69	43	0	14	22	9	0	9	32	0	9	10	18	0	0	0	0	0	0	0	0	0	0	0	0	0	0	0	0	0	0	0	0	0	0	0	0	0	0	0	0	0	5	0	0	0	0	0	0	0	0	0	0	0	0	0
"Corynebacterium"	0	0	0	0	0	0	0	27	0	0	0	0	0	0	0	0	0	0	0	0	0	0	0	0	0	6	0	0	0	0	0	0	0	0	0	7	0	4	0	2	0	0	0	0	0	0	0	0	0	0	0	0	0	77	0	0	0	0	0	0	0	0	0	0	0	0	0	10	0	7	0	0	0	0	0	0	0	0	0	0	0	0	0	0	0	0	0	8	0	5	0	0	0	0	0	0
"Cryocola"	0	0	0	0	0	0	0	0	0	0	0	0	0	0	0	0	0	0	0	0	0	0	0	0	0	30	0	26	0	12	0	0	0	27	0	0	0	0	0	0	0	0	0	0	0	0	0	0	0	0	0	0	0	0	0	40	0	0	0	19	0	0	0	24	0	0	0	0	0	0	0	0	0	0	0	0	0	0	0	0	0	0	0	0	0	0	0	0	0	0	0	0	0	0	0	0
"Cryptosporangium"	0	0	0	0	0	0	0	0	0	0	0	0	0	0	0	0	0	0	0	0	0	0	0	0	0	0	0	0	0	0	0	0	0	20	0	0	0	0	0	0	0	0	0	0	0	0	0	0	0	0	0	0	0	0	0	0	0	0	0	0	0	0	0	0	0	0	0	0	0	0	0	0	0	0	0	0	0	0	0	0	0	0	0	0	0	0	0	0	0	0	0	0	0	0	0	0
"Cupriavidus"	0	0	0	288	0	642	0	45	0	0	0	672	0	0	0	38	0	0	0	0	0	0	0	57	0	335	0	25	0	186	0	946	9	0	0	50	0	92	0	0	0	0	0	37	0	15	0	0	0	54	0	0	0	30	0	0	0	23	0	0	0	0	0	14	0	244	0	21	0	0	0	0	0	0	0	0	0	0	0	0	0	0	0	0	0	7	0	0	0	0	0	0	0	0	0	0
"Dactylosporangium"	0	0	0	0	0	0	0	0	0	0	0	0	0	0	0	0	0	0	42	0	0	0	0	0	0	0	0	0	0	0	0	0	0	0	0	0	0	0	0	0	0	0	0	0	0	0	42	0	68	0	0	0	0	0	0	0	0	0	0	0	0	0	0	0	0	0	0	0	0	0	0	0	0	0	0	0	0	0	0	0	0	0	0	0	0	0	0	0	0	0	0	0	0	0	0	0
"Dechloromonas"	0	0	0	0	0	0	0	0	25	17	43	0	0	0	0	0	0	0	0	0	0	0	0	0	0	0	0	0	0	0	0	0	0	0	0	0	0	0	23	0	25	10	29	0	0	0	0	0	0	0	0	0	0	0	0	0	0	0	0	0	0	0	0	0	0	0	0	0	0	0	0	0	0	0	0	0	0	0	0	0	0	0	0	0	0	0	0	0	0	0	0	0	0	0	0	0
"Delftia"	0	0	0	0	0	53	0	0	0	0	0	0	0	0	0	0	0	0	0	0	0	0	0	0	0	7	0	0	0	9	0	0	0	7	0	11	0	0	0	0	0	0	0	0	0	0	0	0	0	0	0	0	0	0	0	3	0	0	0	0	0	0	0	11	0	0	0	0	0	0	0	0	0	0	0	0	0	0	0	0	0	0	0	0	0	0	0	0	0	12	0	0	0	0	0	0
"Desulfococcus"	0	0	0	0	0	0	0	0	0	2	0	0	0	0	0	0	0	0	0	0	0	0	0	0	0	0	0	0	0	0	0	0	0	0	0	0	0	0	0	0	0	0	0	0	0	0	0	0	0	0	0	0	0	0	0	0	0	0	0	0	0	0	0	0	0	0	0	0	0	0	0	0	0	0	0	0	0	0	0	0	0	0	0	0	0	0	0	0	0	0	0	0	0	0	0	0
"Desulfosporosinus"	21	0	0	0	0	0	47	100	117	73	67	76	28	0	45	0	34	33	36	27	33	0	0	22	11	20	17	0	0	0	35	0	11	0	9	9	0	11	63	58	84	70	76	0	32	28	31	0	47	15	38	30	42	0	28	0	22	17	0	0	0	11	12	0	13	0	0	0	0	0	0	0	0	0	0	0	0	0	0	0	0	0	9	0	0	0	22	37	0	0	0	0	9	0	0	13
"Desulfotomaculum"	0	0	0	0	0	0	0	13	0	9	0	0	0	0	0	0	0	0	6	0	6	0	0	0	0	0	0	0	0	0	0	0	0	0	0	0	0	0	5	6	0	0	0	0	0	0	0	0	0	0	6	0	0	0	0	0	0	0	0	0	0	0	0	0	0	0	0	0	0	0	0	0	0	0	0	0	0	0	0	0	0	0	0	0	0	0	0	2	0	0	0	0	0	0	0	0
"Desulfurispora"	0	0	0	0	0	0	10	28	0	0	17	0	0	0	0	0	0	0	0	0	0	0	0	0	0	0	0	0	0	0	0	0	0	0	0	0	0	0	22	0	0	0	19	9	15	0	0	0	0	0	0	0	0	0	0	0	0	0	0	0	0	0	0	0	0	0	0	0	0	0	0	0	0	0	0	0	0	0	0	0	0	0	0	0	0	0	0	0	0	0	0	0	0	0	0	0
"Devosia"	18	306	13	200	0	632	16	443	29	2262	50	513	17	585	16	220	0	180	32	396	39	364	0	175	0	198	33	186	21	118	12	41	0	234	13	166	17	233	0	633	36	1466	0	976	0	249	0	633	0	711	0	825	0	616	0	173	0	106	0	204	0	240	0	313	25	37	17	95	0	158	0	117	0	220	0	202	0	289	0	177	0	127	0	127	0	20	48	963	13	757	16	309	0	196	0	163
"Dokdonella"	0	259	0	210	0	186	32	115	0	69	0	19	13	79	0	159	0	77	31	181	11	89	0	78	0	112	0	30	0	14	0	0	0	598	0	40	0	71	29	73	0	42	0	15	0	57	12	437	24	207	0	167	0	301	0	122	0	45	0	22	0	117	0	189	0	22	0	41	0	95	0	19	0	0	0	30	0	27	0	105	0	39	0	91	0	0	0	301	0	192	0	122	16	69	0	121
"Dyella"	0	0	0	0	0	0	0	0	0	0	0	0	0	0	0	0	0	0	0	0	0	0	0	0	0	0	0	0	0	0	0	0	0	0	0	0	0	33	0	0	0	0	0	0	0	0	0	0	0	0	0	0	0	0	0	0	0	0	0	0	0	0	0	0	0	0	0	0	0	0	0	0	0	0	0	0	0	0	0	0	0	0	0	0	0	0	0	0	0	0	0	0	0	0	0	0
"Edaphobacter"	0	0	0	0	0	0	0	10	0	0	0	0	0	2	0	0	0	0	0	12	12	12	9	0	0	0	0	0	0	0	11	0	0	0	0	0	9	0	0	0	0	0	0	0	0	0	0	0	14	0	10	0	18	0	9	18	0	12	0	6	0	5	0	7	11	0	0	0	0	0	0	0	0	0	0	0	0	0	0	0	0	0	0	0	0	0	5	11	0	0	0	0	5	22	0	0
"Epulopiscium"	0	0	0	0	0	0	0	0	8	0	0	0	0	0	0	0	0	0	0	0	0	0	0	0	0	0	0	0	0	0	0	0	0	0	0	0	0	0	0	0	0	0	0	5	0	0	0	0	0	0	0	0	0	0	0	0	0	0	0	0	0	0	0	0	0	0	0	0	0	0	0	0	0	0	0	0	0	0	0	0	0	0	0	0	0	0	0	0	0	0	0	0	0	0	0	0
"Erwinia"	0	0	0	0	0	0	0	6	0	0	0	0	0	0	0	0	0	0	0	0	0	0	0	0	0	0	0	0	0	0	0	0	0	0	0	0	0	0	0	0	0	0	0	0	0	0	0	0	0	0	0	0	0	0	0	0	0	0	0	0	0	0	0	0	0	0	0	0	0	0	0	0	0	0	0	0	0	0	0	0	0	0	0	0	0	0	0	0	0	0	0	0	0	0	0	0
"Erythrobacter"	0	0	0	0	0	0	0	0	0	0	0	0	0	0	9	0	0	6	0	12	14	14	0	0	0	0	0	0	0	0	0	0	0	0	0	0	0	0	0	0	0	0	0	0	0	0	0	0	0	9	14	0	11	15	0	0	0	0	0	0	0	0	0	0	0	0	0	0	0	0	0	0	0	0	0	0	0	0	0	0	0	0	0	0	0	0	0	0	0	0	0	0	0	0	0	0
"Exiguobacterium"	0	0	0	0	0	0	0	0	0	0	0	0	0	12	0	0	0	0	0	0	0	0	0	0	0	0	0	0	0	0	0	0	0	0	0	0	0	0	0	0	0	13	0	0	0	0	0	0	0	0	0	0	0	0	0	23	0	0	0	0	0	0	0	0	0	0	0	0	0	0	0	0	0	0	0	0	0	0	0	0	0	0	0	0	0	0	0	0	0	0	0	0	0	0	0	0
"Fimbriimonas"	0	0	0	0	0	0	0	0	5	0	0	0	0	0	0	0	0	0	0	0	0	0	0	0	0	0	0	0	0	0	0	0	0	0	0	0	0	0	0	0	0	0	0	0	0	0	0	0	0	0	0	0	0	0	0	0	0	0	0	0	0	0	0	0	0	0	0	0	0	0	0	0	0	0	0	0	0	0	0	0	0	0	0	0	0	0	0	0	0	0	0	0	0	0	0	0
"Flavisolibacter"	0	0	0	0	0	0	0	0	0	0	0	0	0	0	0	0	0	0	0	0	0	0	0	0	0	0	0	0	0	0	0	0	0	0	0	0	0	0	0	0	0	0	42	0	0	0	0	0	0	17	0	0	0	0	0	0	0	0	0	0	0	0	0	0	0	0	0	0	0	0	0	0	0	0	0	0	0	0	0	0	0	0	0	0	0	0	0	0	0	0	0	0	0	0	0	0
"Flavobacterium"	0	0	0	55	0	93	0	77	0	255	0	109	0	216	0	83	0	139	0	138	0	71	0	0	0	30	0	0	0	21	0	111	0	32	0	0	6	11	0	62	16	257	0	199	0	75	0	52	0	163	0	154	19	368	0	0	0	7	0	22	0	13	0	25	0	29	0	0	0	47	0	0	0	12	0	18	0	40	0	59	0	27	0	70	0	0	0	21	0	0	0	0	0	0	0	22
"Fluviicola"	0	0	0	0	0	0	0	0	0	0	0	0	0	0	0	0	0	0	0	0	0	0	0	0	0	0	0	0	0	0	0	0	0	0	0	0	0	0	0	0	0	0	0	0	0	0	0	0	0	0	0	0	0	0	0	0	0	0	0	0	0	0	0	0	0	0	0	0	0	0	0	0	0	0	0	0	0	0	0	0	0	2	0	0	0	0	0	0	0	0	0	0	0	0	0	0
"Frankia"	0	0	0	0	0	0	0	0	0	0	0	0	0	0	0	0	0	0	0	0	0	0	0	0	0	0	0	0	0	0	0	0	0	0	0	0	0	0	0	0	0	0	0	0	0	0	7	0	0	0	0	0	0	0	0	0	0	0	0	0	0	0	0	0	0	0	0	0	0	0	0	0	0	0	0	0	0	0	0	0	0	0	0	0	0	0	0	0	0	0	0	0	0	0	0	0
"Friedmanniella"	0	0	0	0	0	0	0	0	0	0	0	11	0	0	0	0	0	0	0	0	0	0	0	0	0	0	0	0	0	0	0	0	0	0	0	0	0	0	0	0	0	0	0	0	0	0	0	0	0	0	0	0	0	0	0	0	0	0	0	0	0	0	0	0	0	0	0	0	0	0	0	0	0	0	0	0	0	0	0	0	0	0	0	0	0	0	0	0	0	0	0	0	0	0	0	0
"Fusibacter"	0	0	0	0	0	0	0	0	0	0	0	0	0	0	0	0	0	0	0	0	0	0	0	0	0	0	0	0	0	0	0	0	0	0	0	0	0	0	0	0	0	0	0	0	0	0	0	0	0	0	0	0	0	0	0	0	0	0	0	0	0	0	0	0	0	0	0	0	0	0	0	0	0	0	0	0	0	0	0	0	0	0	0	0	0	0	0	2	0	0	0	0	0	0	0	0
"Gallionella"	0	0	0	0	0	0	13	11	111	0	45	13	0	0	0	0	0	0	0	0	0	0	0	0	0	0	0	0	0	0	0	0	0	0	0	0	0	0	0	0	63	0	23	13	0	0	0	0	0	0	0	0	0	0	0	0	0	0	0	0	0	0	0	0	0	0	0	0	0	0	0	0	0	0	0	0	0	0	0	0	0	0	0	0	0	0	0	0	0	0	0	0	0	0	0	0
"Gemella"	0	0	0	0	0	0	0	0	0	0	0	0	0	0	0	0	0	0	0	0	0	0	0	0	0	0	0	0	0	0	0	0	0	0	0	0	0	4	0	0	0	0	0	0	0	0	0	0	0	0	0	0	0	0	0	0	0	0	0	0	0	0	0	0	0	0	0	0	0	0	0	0	0	0	0	0	0	0	0	0	0	0	0	0	0	0	0	0	0	0	0	0	0	0	0	0
"Gemmatimonas"	0	0	0	0	0	0	0	0	0	4	0	0	0	0	0	0	0	0	0	0	0	0	0	0	0	0	0	0	0	0	0	0	0	0	0	0	0	0	0	0	0	0	0	0	0	0	0	0	0	0	4	0	0	0	0	0	0	0	0	0	0	0	0	0	0	0	0	0	0	0	0	0	0	0	0	0	0	0	0	0	0	0	0	0	0	0	0	0	0	0	0	0	0	0	0	0
"Geobacter"	38	41	36	0	43	0	86	175	177	131	193	137	107	33	93	38	71	49	37	42	41	41	43	25	41	33	20	0	34	0	48	27	47	0	50	27	47	17	75	74	182	121	221	73	81	32	66	46	64	38	65	27	48	24	72	51	34	24	24	0	0	22	0	0	44	0	0	0	17	0	0	0	0	0	52	40	46	0	34	0	36	0	0	0	0	0	25	29	0	18	47	0	27	0	31	21
"Geodermatophilus"	0	0	0	0	0	0	31	29	21	0	27	16	0	0	0	0	0	30	36	0	33	23	0	0	0	0	0	0	0	0	0	0	0	0	0	0	0	0	0	0	0	17	10	0	0	0	0	0	0	0	0	17	0	28	0	0	0	0	0	0	0	0	0	0	0	0	0	0	0	0	0	0	0	0	0	0	0	0	0	0	0	0	0	0	0	0	0	0	0	0	0	0	0	0	0	0
"Geothrix"	0	0	8	11	0	0	0	0	0	0	0	0	0	0	4	0	0	0	0	4	0	0	12	20	0	0	0	0	0	0	0	0	0	0	0	0	0	0	0	0	0	0	0	0	0	0	0	6	0	0	0	0	0	7	0	0	0	0	0	0	0	0	0	0	0	0	4	9	0	0	0	0	0	0	0	0	0	0	0	0	0	0	0	0	0	0	0	18	0	0	0	0	0	0	0	0
"Glycomyces"	0	0	0	0	0	0	0	4	0	4	0	6	0	4	2	0	0	34	0	51	11	0	0	0	0	0	0	0	0	0	0	0	0	0	0	0	0	0	4	0	0	29	0	31	0	0	0	11	2	22	0	59	3	0	0	0	0	0	0	0	0	0	0	0	0	0	0	0	0	0	0	4	0	0	0	0	0	0	0	0	0	19	0	6	0	29	0	0	0	0	0	0	0	0	0	0
"Gracilibacillus"	0	0	0	0	0	0	0	14	0	0	0	0	0	0	0	0	0	0	0	0	0	0	0	0	0	0	0	0	0	0	0	0	0	0	0	0	0	0	0	0	0	0	0	0	0	0	0	0	0	0	0	0	0	0	0	0	0	0	0	0	0	0	0	0	0	0	0	0	0	0	0	0	0	0	0	0	0	0	0	0	0	0	0	0	0	0	0	0	0	0	0	0	0	0	0	0
"Gracilibacter"	18	0	0	0	5	0	22	43	46	37	29	24	0	27	15	26	0	0	0	23	0	12	0	15	10	0	0	7	0	0	0	0	10	7	0	0	0	0	25	18	37	40	29	13	0	0	0	0	12	0	27	0	14	13	12	13	0	6	0	0	0	0	0	0	11	0	0	0	0	0	0	0	0	0	0	11	0	0	0	0	0	0	0	0	0	0	8	12	0	12	9	0	0	0	0	8
"Haemophilus"	0	0	0	0	0	0	0	0	0	0	0	0	0	0	0	0	0	0	0	0	0	0	0	0	0	0	0	0	0	0	0	0	0	0	0	0	0	18	0	0	0	0	0	0	0	0	0	0	0	0	0	0	0	0	0	0	0	0	0	0	0	0	0	0	0	0	0	0	0	0	0	0	0	0	0	0	0	0	0	0	0	0	0	0	0	0	0	0	0	0	0	0	0	0	0	0
"Herminiimonas"	0	0	0	19	0	0	0	0	0	0	0	0	0	0	0	0	0	0	0	0	0	0	0	0	0	0	0	0	0	0	0	0	0	0	0	0	0	0	0	0	0	0	0	0	0	0	0	0	0	0	0	0	0	0	0	0	0	0	0	0	0	0	0	40	0	0	0	0	0	0	0	0	0	0	0	0	0	0	0	0	0	0	0	0	0	0	0	0	0	17	0	0	0	0	0	0
"Hydrogenophaga"	0	0	8	14	0	31	0	106	0	1351	0	202	11	172	0	0	0	13	0	0	0	0	0	0	0	17	0	0	0	0	0	0	0	0	0	0	0	0	0	457	0	910	0	160	0	0	0	38	0	52	0	57	0	0	20	65	0	0	0	0	33	0	0	20	0	0	0	9	0	0	0	59	0	214	0	117	0	0	0	17	0	0	0	0	0	0	0	0	0	0	0	0	0	0	0	0
"Hyphomicrobium"	34	29	47	21	28	29	34	91	33	101	53	79	38	8	19	39	17	13	21	35	110	53	19	37	17	31	20	16	22	11	24	10	29	29	18	41	54	30	34	37	56	53	45	27	25	25	22	17	10	22	14	18	60	27	14	23	20	27	8	27	16	19	14	36	23	8	13	13	24	33	0	0	0	5	0	15	8	0	9	10	12	19	15	0	16	32	19	52	8	54	11	43	17	34	19	19
"Iamia"	0	0	0	0	0	0	0	0	29	47	20	23	0	48	0	0	0	0	13	19	16	20	0	0	0	0	0	0	0	0	0	0	0	0	0	0	0	0	0	57	40	96	35	29	0	0	0	17	17	41	0	27	22	43	0	0	0	0	0	0	0	0	0	0	0	0	0	0	0	0	0	0	0	0	0	0	0	0	0	18	0	0	0	16	0	38	0	0	0	7	0	0	0	0	0	0
"Janthinobacterium"	145	363	186	857	90	587	67	362	105	710	303	335	94	589	138	822	125	720	116	1149	259	614	100	1187	73	1394	86	165	50	554	158	1360	82	248	98	767	123	2218	36	1013	94	696	97	1974	68	9797	57	921	109	697	80	1293	109	1572	110	393	231	350	65	836	54	1126	99	688	97	262	97	3905	91	1056	0	48	0	125	0	301	42	746	59	947	0	397	31	721	0	80	104	1093	68	2858	107	1283	43	1821	92	2868
"Kaistia"	0	0	0	0	0	0	0	0	0	26	13	0	0	0	0	10	0	6	0	0	16	18	0	0	0	0	0	0	0	0	0	0	0	0	0	0	0	0	0	0	0	15	0	0	0	0	0	0	13	0	0	0	0	0	0	8	0	0	0	0	0	0	0	0	0	0	0	0	0	0	0	0	0	0	0	0	0	0	0	0	0	0	0	0	0	0	0	0	0	0	0	0	0	0	0	0
"Kaistobacter"	78	111	94	102	50	67	95	321	231	470	336	384	86	209	87	134	131	219	98	375	236	330	53	91	47	125	49	64	51	56	55	27	64	79	54	81	94	105	66	217	145	451	81	313	55	157	58	269	67	274	84	303	99	302	58	77	51	75	33	65	25	131	50	124	123	43	29	43	68	61	0	13	0	32	0	39	0	25	0	47	19	33	0	28	0	59	34	376	17	172	51	86	42	120	31	119
"Kibdelosporangium"	0	0	0	0	0	0	0	0	0	0	0	0	0	0	0	0	0	0	0	0	0	0	0	0	0	0	0	0	0	0	0	0	0	0	0	0	0	0	0	0	0	8	0	0	0	0	0	0	0	0	0	0	0	0	0	0	0	0	0	0	0	0	0	0	0	0	0	0	0	0	0	0	0	0	0	0	0	0	0	0	0	0	0	0	0	0	0	0	0	0	0	0	0	0	0	0
"Kineosporia"	0	0	0	0	0	0	0	0	0	0	0	0	0	0	0	0	0	10	0	0	18	0	0	0	0	0	0	0	0	0	0	0	0	0	0	0	0	0	0	0	0	0	0	0	0	0	0	17	0	0	0	0	0	0	0	0	0	0	0	0	0	0	0	0	0	0	0	0	0	0	0	0	0	0	0	0	0	0	0	0	0	0	0	0	0	0	0	0	0	0	0	0	0	0	0	0
"Knoellia"	0	0	0	0	0	16	0	23	0	21	21	22	0	0	0	0	9	13	0	0	22	15	0	0	0	0	0	0	0	22	0	0	0	0	0	0	0	16	0	0	18	0	16	0	0	11	0	0	11	0	27	20	0	7	0	0	0	9	0	12	0	16	0	0	0	0	0	0	0	0	0	0	0	19	0	0	0	0	0	0	0	10	0	0	0	0	0	84	0	105	0	8	0	0	0	0
"Kocuria"	0	0	0	0	0	0	0	0	0	0	0	0	0	0	0	0	0	0	0	0	0	0	0	0	0	0	0	0	0	0	0	0	0	0	0	0	0	0	0	0	0	0	0	0	0	17	0	0	0	0	0	0	0	443	0	0	0	0	0	0	0	0	0	0	0	0	0	0	0	0	0	0	0	0	0	0	0	0	0	0	0	0	0	0	0	0	0	0	0	0	0	0	0	0	0	0
"Kribbella"	26	36	33	20	25	19	41	85	46	48	77	53	56	60	61	57	46	89	44	89	114	62	30	23	18	15	22	26	28	0	40	0	22	19	45	38	27	25	33	55	43	47	43	59	46	23	46	120	38	83	41	92	41	87	19	15	23	18	22	20	16	16	20	35	36	0	31	31	23	31	0	16	0	0	0	35	10	21	24	29	22	39	16	51	26	49	33	55	13	35	24	31	14	24	38	13
"Labrys"	0	0	0	0	0	0	0	0	0	0	0	0	0	0	0	0	0	0	0	0	12	0	0	0	0	0	0	0	0	0	0	0	0	0	0	0	0	0	0	0	0	0	0	0	0	0	0	0	0	0	0	13	0	20	0	0	0	0	0	16	0	27	0	0	0	0	0	0	0	0	0	0	0	0	0	0	0	0	0	0	0	0	0	0	0	0	0	13	0	44	0	7	15	0	0	14
"Lactococcus"	0	0	0	0	0	0	0	0	0	0	0	0	0	0	0	4	0	0	0	0	0	6	0	0	0	0	0	0	0	0	0	0	0	0	0	6	0	5	0	0	0	0	0	0	0	0	0	0	0	0	0	0	0	0	0	0	0	0	0	0	0	0	0	0	0	0	0	0	0	0	0	0	0	0	0	0	0	0	0	0	0	0	0	0	0	0	0	0	0	0	0	0	0	0	0	0
"Lautropia"	0	0	0	0	0	0	0	0	8	0	13	0	0	0	0	0	0	0	0	0	0	0	0	0	0	0	0	0	0	0	0	0	0	0	0	0	0	0	0	0	0	0	0	0	0	0	0	0	0	0	0	0	0	0	0	0	0	0	0	0	0	0	0	0	0	0	0	0	0	0	0	0	0	0	0	0	0	0	0	0	0	0	0	0	0	0	0	0	0	0	0	0	0	0	0	0
"Legionella"	0	0	0	0	0	0	0	0	0	0	0	0	0	0	0	0	0	0	0	0	0	0	0	0	0	0	0	0	0	0	0	0	0	0	0	0	0	0	0	0	0	0	0	0	0	0	0	0	0	0	0	0	0	0	0	0	0	0	0	0	0	0	9	0	0	0	0	0	0	0	0	0	0	0	0	0	0	0	0	0	0	0	0	0	0	0	0	0	0	0	0	0	0	0	0	0
"Lentzea"	0	0	4	0	0	0	12	15	0	601	8	35	0	375	4	26	0	114	0	168	14	29	0	0	0	0	0	0	0	0	0	0	5	94	3	28	0	0	0	158	0	772	8	172	0	24	0	282	0	174	0	155	0	486	0	9	0	0	0	0	0	0	0	0	0	0	0	0	0	0	0	27	0	111	0	136	0	38	0	164	0	115	0	129	0	50	0	10	0	5	0	0	0	309	0	7
"Leptonema"	0	0	0	0	0	0	0	0	0	4	0	0	0	0	0	0	0	0	0	0	0	0	0	0	0	0	0	0	0	0	0	0	0	0	0	0	0	0	0	0	0	0	0	0	0	0	0	0	0	0	0	0	0	0	0	0	0	0	0	0	0	0	0	0	0	0	0	0	0	0	0	0	0	0	0	0	0	0	0	0	0	0	0	0	0	0	0	0	0	0	0	0	0	0	0	0
"Leptothrix"	0	0	0	0	0	0	0	0	0	21	0	0	0	0	0	0	0	0	0	0	0	0	0	0	0	0	0	0	0	0	0	0	0	0	0	0	0	0	0	0	0	0	0	0	0	0	0	0	0	0	0	0	0	0	0	0	0	0	0	0	0	0	0	0	0	0	0	0	0	0	0	0	0	0	0	0	0	0	0	0	0	0	0	0	0	0	0	0	0	0	0	0	0	0	0	0
"Limnobacter"	69	140	14	0	0	30	0	23	0	32	0	116	0	69	0	11	0	18	0	86	0	79	16	69	20	13	22	27	0	16	0	64	12	14	9	125	13	17	0	51	0	103	0	61	0	8	0	37	0	25	0	70	0	23	30	58	14	22	0	12	0	33	0	13	11	88	25	10	14	29	0	0	0	0	0	26	0	13	0	11	0	0	0	0	0	26	33	14	0	18	8	20	12	33	0	14
"Limnohabitans"	0	11	0	17	0	0	0	0	0	109	0	12	0	12	0	10	0	0	0	21	7	49	0	38	0	25	0	13	0	13	0	0	0	0	0	0	0	10	0	11	0	27	0	7	20	0	0	0	0	14	0	29	0	33	0	32	0	6	0	19	0	46	0	19	0	12	0	15	0	6	0	0	0	0	0	0	0	0	0	0	0	0	0	0	0	0	0	30	0	15	0	30	0	0	0	0
"Lysinibacillus"	0	0	0	0	0	0	0	0	0	0	0	0	0	0	0	0	0	0	0	0	0	0	0	0	0	0	0	0	0	0	0	0	0	11	0	0	0	0	0	0	0	0	10	0	0	0	0	0	0	0	0	0	0	0	0	0	0	0	0	0	0	0	0	0	0	0	0	0	0	0	0	0	0	0	0	0	0	0	0	0	0	0	0	0	0	0	0	0	0	0	0	0	0	0	0	0
"Lysobacter"	0	0	0	0	0	0	0	0	38	137	44	75	0	70	0	15	0	44	0	10	0	8	0	0	0	0	0	0	0	0	0	0	0	0	0	0	0	0	0	93	0	325	0	66	0	0	0	62	0	23	0	118	0	0	0	0	0	0	0	0	0	0	0	0	0	0	0	0	0	0	0	12	0	68	0	32	0	47	0	25	0	32	0	87	0	0	0	15	0	0	0	0	0	0	0	0
"Mesorhizobium"	0	100	0	161	0	103	59	284	47	384	93	220	44	187	38	149	28	156	30	209	81	213	0	121	0	111	0	55	0	53	0	37	31	120	0	101	25	110	29	257	42	343	67	220	21	121	0	354	0	235	0	380	21	332	0	108	20	71	0	88	15	91	0	316	11	25	12	115	0	195	0	17	0	22	0	67	0	20	0	56	0	29	0	64	0	36	0	630	0	362	0	193	0	214	0	123
"Methylibium"	16	1991	9	1138	8	164	0	189	18	1503	27	168	14	285	17	470	10	201	20	255	32	501	13	454	0	370	27	193	0	206	0	92	0	1184	25	247	16	414	0	843	13	1376	0	510	0	147	0	1325	16	603	28	882	0	908	8	363	35	184	11	234	0	247	18	800	27	75	0	272	0	267	0	116	0	155	0	345	0	68	0	327	0	169	0	171	0	22	22	1352	46	1171	39	271	15	139	0	684
"Methylosinus"	0	2	0	0	0	0	0	0	0	0	0	0	0	0	0	0	0	0	0	0	0	0	0	0	0	0	0	0	0	0	0	0	0	0	0	0	0	0	0	0	0	0	0	0	0	0	0	0	0	0	0	0	0	0	0	0	0	0	0	0	0	0	0	0	0	0	0	0	0	0	0	0	0	0	0	0	0	0	0	0	0	0	0	0	0	0	0	0	0	0	0	5	0	0	0	0
"Methylotenera"	0	0	0	0	0	0	8	203	0	216	9	67	0	18	0	14	0	0	0	7	0	0	0	0	0	0	0	0	0	0	0	0	0	0	0	0	0	0	0	81	18	191	14	23	0	23	0	15	0	26	0	13	0	0	0	0	0	0	0	0	0	0	0	0	0	0	0	0	0	0	0	7	0	0	0	0	0	0	0	0	0	0	0	0	0	0	0	0	0	0	0	0	0	0	0	0
"Microbacterium"	28	40	13	0	0	117	25	106	50	176	90	104	27	53	37	93	29	51	49	68	52	83	12	48	19	135	22	16	10	46	19	13	26	34	0	69	25	115	0	68	67	200	48	61	28	79	19	55	49	112	46	110	50	61	0	17	0	22	0	28	0	43	0	198	41	0	0	0	12	0	0	10	0	25	0	40	0	0	0	33	0	37	20	48	0	33	0	57	12	71	8	23	0	23	0	0
"Microbispora"	0	0	0	0	0	0	0	0	0	0	0	0	0	0	0	0	0	0	0	0	0	0	0	0	0	0	0	0	0	0	0	0	0	0	0	0	0	0	0	0	0	9	0	0	0	0	0	0	0	0	0	0	0	0	0	0	0	0	0	0	0	0	0	0	0	0	0	0	0	0	0	0	0	0	0	0	0	0	0	7	0	0	0	0	0	0	0	0	0	0	0	0	0	0	0	0
"Microlunatus"	0	0	0	0	0	0	0	13	0	10	0	10	0	0	0	0	0	9	7	0	0	9	0	0	0	0	0	0	0	0	10	0	0	0	0	0	0	0	0	0	7	0	0	0	0	0	0	0	0	0	0	0	0	0	0	0	0	0	0	0	0	0	0	0	0	0	0	0	0	0	0	0	0	0	0	0	0	0	0	0	0	0	0	0	0	12	0	0	0	0	0	0	0	0	0	0
"Micromonospora"	0	0	0	0	0	0	0	0	0	0	0	88	0	0	0	0	0	0	0	0	0	0	0	0	0	0	0	0	0	0	0	0	0	0	0	0	0	0	0	0	0	0	43	0	0	0	0	0	0	0	0	0	0	0	0	0	0	0	0	0	0	0	0	0	0	0	0	0	0	0	0	0	0	0	0	0	0	0	0	0	0	0	0	0	0	0	0	0	0	0	0	0	0	0	0	0
"Modestobacter"	0	0	0	0	0	0	0	12	0	0	0	0	10	0	24	0	21	0	18	15	41	0	0	0	0	0	0	0	0	0	0	0	10	0	0	19	0	0	0	0	0	0	0	0	0	0	0	0	15	0	15	12	16	12	0	0	0	0	0	0	0	0	19	0	0	0	0	0	0	0	0	0	0	0	0	0	0	0	0	0	0	0	10	0	0	0	0	0	0	0	0	0	0	0	0	0
"Mycobacterium"	28	34	45	25	25	14	106	246	150	183	186	151	109	57	126	86	120	134	141	192	216	79	14	19	19	20	10	11	13	12	33	0	14	19	16	36	24	27	68	66	122	134	125	101	55	87	43	87	98	91	100	146	83	116	15	43	7	27	12	20	0	23	23	28	34	0	16	17	19	19	0	9	0	10	0	15	0	7	9	17	19	10	32	22	12	34	7	42	0	32	9	17	13	15	14	15
"Mycoplana"	0	0	0	0	0	0	0	42	9	165	8	41	0	77	0	22	0	11	0	21	0	0	0	0	0	0	0	0	0	0	0	0	0	0	0	0	0	0	0	61	0	153	0	69	0	0	0	17	0	27	0	29	0	15	0	0	4	0	0	0	0	0	0	22	0	0	0	0	0	0	0	0	0	0	0	18	0	8	0	14	0	0	0	0	0	14	0	0	0	0	0	0	0	0	0	0
"Nannocystis"	0	4	0	0	0	0	0	0	0	41	0	14	0	8	0	6	0	13	0	11	0	22	0	0	0	7	0	0	0	0	0	0	0	0	0	0	0	0	0	19	0	8	0	0	0	4	0	20	0	25	0	27	0	39	0	0	0	0	0	0	0	0	0	6	0	0	0	0	0	0	0	0	0	0	0	0	0	0	0	0	0	0	0	0	0	0	0	0	0	0	0	0	0	0	0	0
"Neisseria"	0	0	0	0	0	0	0	0	0	0	0	0	0	0	0	0	0	0	0	0	0	0	0	0	0	0	0	0	0	0	0	0	0	0	0	0	0	13	0	0	0	0	0	0	0	0	0	0	0	0	0	0	0	0	0	0	0	5	0	0	0	0	0	0	0	0	0	0	0	0	0	0	0	0	0	0	0	0	0	0	0	0	0	0	0	0	0	0	0	0	0	0	0	0	0	0
"Nevskia"	0	0	0	0	0	0	0	0	0	0	0	0	0	0	0	0	0	0	0	0	0	0	0	0	0	0	0	0	0	0	0	0	0	0	0	0	0	0	0	0	0	0	0	0	0	0	0	0	0	8	0	0	0	0	0	0	0	0	0	0	0	0	0	0	0	0	0	0	0	0	0	0	0	0	0	0	0	0	0	0	0	0	0	0	0	0	0	0	0	0	0	0	0	0	0	0
"Nitrosovibrio"	52	38	111	42	40	27	51	104	50	52	103	66	60	30	62	38	70	35	90	39	178	40	56	42	25	44	60	17	38	22	145	0	44	19	91	161	104	39	36	34	86	49	76	39	70	36	46	33	72	27	111	45	125	45	36	24	41	31	24	9	24	16	80	33	89	9	35	12	57	0	0	10	0	6	0	0	0	0	17	0	0	0	0	13	27	12	58	49	25	24	38	17	43	27	31	26
"Nitrospira"	114	50	218	63	119	50	199	508	234	227	396	260	223	107	255	133	230	122	192	204	590	159	84	66	70	94	57	28	50	26	191	33	55	35	196	205	135	66	186	287	393	183	346	115	237	144	202	127	395	102	299	88	527	104	86	108	66	98	35	18	23	54	139	68	98	6	114	31	84	26	18	41	18	22	27	31	53	25	42	34	28	32	51	37	48	58	86	94	39	43	52	24	49	35	74	84
"Nocardia"	0	0	0	0	0	0	0	0	0	0	9	0	0	0	0	0	0	0	0	0	13	0	0	0	0	0	0	0	10	0	0	0	0	0	0	0	0	0	0	0	5	5	0	43	0	0	0	0	0	0	0	0	0	0	0	0	0	0	0	0	0	0	0	0	0	0	0	0	0	0	0	0	0	16	0	0	0	0	0	0	0	0	0	0	0	0	0	0	0	0	0	0	0	0	0	0
"Nocardioides"	48	40	42	33	48	124	31	37	46	87	56	54	0	70	8	0	29	41	34	84	74	52	59	97	40	155	26	60	51	48	35	32	34	46	36	59	53	64	53	49	52	43	46	21	8	0	0	38	45	36	45	52	51	102	54	93	51	84	43	66	49	69	26	127	42	0	24	18	45	63	0	0	0	0	0	0	0	0	0	28	0	0	0	0	0	69	61	496	0	417	28	111	30	79	0	75
"Nonomuraea"	0	0	15	0	0	0	19	27	0	21	15	0	29	0	25	12	9	32	17	43	47	24	0	0	0	8	7	0	0	0	13	0	0	0	7	14	16	0	12	23	19	18	13	9	14	12	17	20	21	17	13	20	18	0	0	0	0	0	0	4	0	0	9	0	7	0	7	0	0	0	0	0	0	4	0	0	0	0	0	0	12	7	10	6	0	0	6	0	0	0	0	0	0	0	0	0
"Novosphingobium"	0	0	0	0	0	8	0	0	0	5	0	0	6	6	0	0	0	0	8	0	0	0	0	0	0	0	0	0	0	3	0	0	0	0	0	0	0	0	0	0	13	12	0	0	0	0	0	0	0	0	0	0	0	0	0	0	0	0	0	0	0	0	0	0	0	0	0	0	0	0	0	0	0	0	0	0	0	0	0	0	0	0	0	0	0	0	0	0	0	0	0	0	0	0	0	0
"Ochrobactrum"	0	0	0	0	0	0	0	0	0	0	0	0	10	0	0	0	0	0	0	0	0	0	0	0	0	0	0	0	0	0	0	0	0	0	0	0	0	0	0	0	0	0	0	0	0	0	0	0	0	0	0	0	0	0	0	0	0	0	0	0	0	0	0	14	0	0	0	0	0	0	0	0	0	0	0	0	0	0	0	0	0	0	0	0	0	0	0	0	0	0	0	0	0	0	0	0
"Oxobacter"	0	0	0	0	0	0	0	12	9	0	0	0	0	0	0	0	0	0	0	0	0	0	0	0	0	0	0	0	0	0	0	0	0	0	0	0	0	0	0	0	0	0	0	0	0	0	0	0	0	0	0	0	0	0	0	0	0	0	0	0	0	0	0	0	0	0	0	0	0	0	0	0	0	0	0	0	0	0	0	0	0	0	0	0	0	0	0	0	0	0	0	0	0	0	0	0
"Paenibacillus"	244	621	377	199	309	511	336	997	691	719	698	738	389	352	495	369	414	789	512	1131	1012	950	226	327	238	414	276	257	157	260	336	160	231	495	226	399	479	409	501	706	852	882	597	568	399	403	293	546	601	766	626	790	766	523	253	296	236	271	234	161	135	449	252	488	324	106	166	197	332	252	0	97	0	96	55	141	33	114	65	252	58	137	145	181	57	275	270	709	75	294	227	218	151	301	206	420
"Paenisporosarcina"	0	0	0	0	0	0	0	0	44	30	38	43	0	0	0	0	25	0	0	28	37	0	0	0	0	0	0	0	0	0	0	0	0	0	0	0	0	0	0	0	0	39	65	30	61	0	0	0	24	0	0	43	24	0	0	0	0	0	0	0	0	0	0	0	0	0	0	0	0	0	0	0	0	0	0	0	0	0	0	0	0	0	0	0	0	0	0	0	0	0	0	0	0	0	0	0
"Paludibacter"	0	0	0	0	0	0	0	0	0	0	0	0	0	0	0	0	0	0	0	0	0	0	0	0	0	0	0	0	0	0	0	0	0	0	0	0	0	0	0	0	0	0	0	0	0	0	0	0	0	0	0	0	0	0	0	0	0	0	0	0	0	0	0	0	0	0	0	4	0	0	0	0	0	0	0	0	0	0	0	0	0	0	0	0	0	0	0	0	0	0	0	0	0	0	0	0
"Pandoraea"	0	0	0	0	0	0	0	47	0	15	0	21	0	0	0	0	0	0	0	0	0	0	0	0	0	0	0	0	0	0	0	0	0	0	0	0	0	0	0	0	0	0	0	0	0	0	0	0	0	0	0	0	0	0	0	0	0	0	0	0	0	0	0	0	0	0	0	0	0	0	0	0	0	0	0	0	0	0	0	0	0	0	0	0	0	0	0	0	0	0	0	0	0	0	0	0
"Paracoccus"	0	0	0	0	0	35	0	0	0	0	0	6	0	0	0	0	0	2	0	0	0	0	0	0	0	0	0	0	0	0	0	0	0	0	0	0	0	0	0	3	0	8	0	0	0	0	0	0	0	4	0	10	0	0	0	0	0	0	0	0	0	0	0	0	0	0	0	0	0	0	0	0	0	0	0	0	0	0	0	0	0	0	0	0	0	0	0	0	0	0	0	0	0	0	0	0
"Parvibaculum"	0	0	0	0	0	0	0	0	0	0	0	0	0	0	0	0	0	0	0	0	0	0	0	0	0	0	0	0	0	0	0	0	0	0	0	0	0	0	0	0	0	0	0	0	0	0	0	0	0	0	0	0	0	0	0	0	0	0	0	0	0	0	0	0	0	0	0	0	0	0	0	0	0	0	0	0	0	0	0	0	0	0	0	0	0	0	5	0	0	0	0	0	0	0	0	0
"Pedobacter"	0	0	0	0	0	0	0	3	0	7	0	0	0	0	0	0	0	0	0	0	0	0	0	0	0	0	0	0	0	0	0	0	0	0	0	0	0	0	0	0	0	0	0	0	0	0	0	0	0	0	0	0	0	0	0	0	0	0	0	0	0	0	0	0	0	0	0	0	0	0	0	0	0	0	0	0	0	0	0	0	0	0	0	0	0	0	0	0	0	0	0	0	0	0	0	0
"Pedomicrobium"	0	0	13	6	0	0	15	0	20	0	17	0	10	12	14	7	35	0	14	13	38	0	0	0	0	0	0	0	0	0	6	0	0	0	0	0	0	0	6	0	16	0	0	0	6	0	13	13	27	0	27	17	19	33	0	0	0	0	0	0	0	4	0	9	0	0	0	4	0	0	0	0	0	0	0	0	0	0	0	0	0	0	0	6	8	12	0	0	0	0	0	0	0	0	7	0
"Pelomonas"	0	0	0	0	0	0	0	0	0	88	0	19	0	0	0	0	0	0	0	0	0	0	0	0	0	0	0	0	0	0	0	0	0	30	0	0	0	0	0	121	0	104	0	137	0	0	0	0	0	0	0	0	0	0	0	0	11	100	0	0	0	12	0	0	0	0	0	0	0	17	0	0	0	16	0	0	0	0	0	0	0	0	0	0	0	0	0	0	0	339	0	30	0	26	0	0
"Pelotomaculum"	0	0	0	0	0	0	0	0	0	0	0	0	0	0	0	0	0	0	0	0	0	0	0	0	0	0	0	0	0	0	0	0	0	0	0	0	0	0	0	0	14	0	0	0	0	0	0	0	0	0	0	0	0	0	0	0	0	0	0	0	0	0	0	0	0	0	0	0	0	0	0	0	0	0	0	0	0	0	0	0	0	0	0	0	0	0	0	0	0	0	0	0	0	0	0	0
"Peptoniphilus"	0	0	0	0	0	0	0	11	0	0	0	0	0	0	0	0	0	0	0	0	0	0	0	0	0	0	0	0	0	0	0	0	0	0	0	0	0	0	0	0	0	0	0	0	0	0	0	0	0	0	0	0	0	0	0	0	0	0	0	0	0	0	0	0	0	0	0	0	0	0	0	0	0	0	0	0	0	0	0	0	0	0	0	0	0	0	0	3	0	0	0	0	0	0	0	0
"Phaeospirillum"	0	0	0	0	0	0	0	11	0	52	0	0	0	0	0	0	0	0	0	0	0	0	0	0	0	0	0	0	0	0	0	0	0	0	0	0	0	0	0	13	0	24	0	22	0	3	0	0	0	0	0	0	0	0	0	0	0	0	0	0	0	0	0	0	0	0	0	0	0	0	0	5	0	0	0	6	0	0	0	0	0	0	0	0	0	0	0	0	0	0	0	0	0	0	0	0
"Phenylobacterium"	32	109	31	52	16	51	27	109	28	248	37	62	36	36	40	34	31	25	30	83	82	58	27	79	0	89	0	51	0	33	33	0	39	30	0	24	31	14	16	116	29	112	31	84	36	18	13	138	39	87	33	112	54	187	0	62	15	47	0	38	0	52	26	99	56	0	0	19	22	39	0	0	0	16	0	25	0	0	0	22	0	9	0	20	0	0	32	214	11	178	0	86	24	173	0	68
"Photorhabdus"	0	0	0	0	0	0	0	0	0	0	0	0	0	0	0	0	0	0	0	0	0	0	0	0	0	0	0	13	0	0	0	0	0	0	0	0	0	0	0	0	0	0	0	0	0	0	0	0	0	0	0	0	0	0	0	0	0	0	0	0	0	0	0	0	0	0	0	0	0	0	0	0	0	0	0	0	0	0	0	0	0	0	0	0	0	0	0	0	0	0	0	0	0	0	0	0
"Phycicoccus"	0	31	15	28	0	23	10	34	39	165	61	93	20	67	16	97	12	41	19	86	59	93	0	0	0	23	0	0	0	0	6	0	0	0	0	20	0	0	0	96	42	136	18	86	11	25	20	93	30	133	14	91	41	127	0	41	0	0	0	41	0	14	0	43	0	0	0	0	0	20	0	18	0	18	30	44	0	47	0	56	0	0	12	18	0	44	0	144	0	172	0	26	0	0	0	23
"Phyllobacterium"	0	49	0	0	0	0	11	14	9	41	13	22	7	47	0	7	15	35	0	35	21	26	0	0	0	0	0	0	0	0	0	0	0	12	0	0	0	0	10	25	0	40	0	52	0	10	0	39	0	43	0	42	11	28	0	0	0	0	0	0	0	0	0	0	0	0	0	0	0	0	0	0	0	0	0	21	0	0	0	23	0	22	0	16	0	0	0	0	0	0	0	0	0	0	0	0
"Pilimelia"	0	0	0	0	0	0	0	0	0	0	0	0	0	0	0	0	0	0	0	0	0	0	0	0	0	0	0	0	0	0	0	0	0	0	0	0	0	0	0	0	0	32	0	0	0	0	0	0	0	0	0	0	0	0	0	0	0	0	0	0	0	0	0	0	0	0	0	0	0	0	0	0	0	0	0	0	0	0	0	0	0	0	0	0	0	0	0	0	0	0	0	0	0	0	0	0
"Pimelobacter"	0	0	0	0	0	0	0	0	0	17	0	0	0	0	0	6	0	0	0	14	0	0	0	0	0	0	0	0	0	0	0	0	0	0	0	0	0	0	0	10	0	0	0	15	0	0	0	11	0	6	0	0	0	0	0	0	0	0	0	0	0	6	0	0	0	0	0	0	0	0	0	0	0	0	0	0	0	0	0	0	0	0	0	0	0	0	0	11	0	0	0	0	0	0	0	0
"Planifilum"	0	17	0	0	0	10	25	32	38	31	59	48	23	19	36	20	25	22	27	29	51	33	0	14	0	0	9	0	0	0	0	0	13	0	15	0	0	11	39	29	36	33	0	29	23	22	17	19	36	15	0	28	24	0	10	0	0	13	0	0	0	11	0	16	0	0	0	0	0	0	0	0	0	0	0	0	0	0	0	0	0	0	7	0	0	0	0	0	0	0	0	0	0	22	0	15
"Planomicrobium"	0	0	0	0	0	24	0	0	0	0	0	0	0	0	0	0	0	0	0	0	0	0	0	0	0	0	0	0	0	0	0	0	0	0	0	0	0	0	0	0	0	0	0	0	0	0	0	0	0	0	0	0	0	0	0	0	0	0	0	0	0	0	0	0	0	0	0	0	0	0	0	0	0	0	0	0	0	0	0	47	0	0	0	0	0	0	0	0	0	0	0	0	0	0	0	0
"Plesiocystis"	0	11	16	9	0	0	34	44	32	43	30	18	25	8	18	9	13	0	24	18	35	11	0	0	0	16	0	0	0	0	0	0	0	14	11	14	0	0	18	11	41	58	12	30	7	22	4	11	27	11	19	5	15	0	0	10	0	4	0	0	0	0	0	3	11	0	0	0	0	0	0	0	0	0	0	0	0	11	0	8	7	0	8	6	3	0	0	0	0	10	0	4	0	0	0	0
"Polaromonas"	29	252	0	81	0	0	18	361	13	2208	22	520	27	443	0	126	0	237	0	282	16	110	0	19	0	42	0	30	0	13	0	0	0	3141	0	7	0	42	34	901	0	1530	11	1275	0	255	0	449	0	368	15	684	13	336	0	30	0	0	0	32	0	139	22	103	0	0	0	33	0	28	0	132	0	197	0	273	0	286	0	135	0	109	0	153	0	12	27	177	0	249	0	48	0	482	0	724
"Prevotella"	0	0	0	0	0	0	0	3	0	0	0	0	0	0	0	0	0	0	0	0	0	0	0	0	0	0	0	0	0	0	0	0	0	0	0	0	0	0	0	0	0	0	0	0	0	0	0	0	0	0	0	0	0	0	0	0	0	0	0	0	0	0	0	0	0	0	0	0	0	0	0	0	0	0	0	0	0	0	0	0	0	0	0	0	0	0	0	0	0	0	0	0	0	0	0	0
"Promicromonospora"	0	0	0	0	0	0	0	0	0	4	0	0	0	0	3	0	0	9	4	0	6	0	0	0	0	0	0	0	0	0	0	0	0	0	0	0	0	0	0	21	0	9	5	0	0	0	0	10	6	5	0	0	0	0	0	0	0	0	0	0	0	0	0	0	0	0	0	0	0	0	0	0	0	45	0	0	0	0	0	0	0	0	0	0	0	0	0	0	0	0	0	0	0	0	0	0
"Propionibacterium"	0	0	0	0	0	3	0	10	0	0	0	0	0	0	0	0	0	0	0	0	0	8	0	0	0	115	0	0	0	0	0	0	0	0	0	7	0	11	0	0	0	0	0	0	0	0	0	6	0	15	0	0	0	8	0	0	0	0	0	0	0	0	0	0	0	0	0	12	0	9	0	3	0	0	0	0	0	0	0	0	0	0	0	0	0	0	0	21	0	12	0	0	0	3	0	0
"Propionivibrio"	0	0	0	0	0	0	0	10	0	0	0	0	0	0	0	0	0	0	0	0	0	0	0	0	0	0	0	0	0	0	0	0	0	0	0	0	0	0	0	0	0	0	0	0	0	0	0	0	0	0	0	0	0	0	0	0	0	0	0	0	0	0	0	0	0	0	0	0	0	0	0	0	0	0	0	0	0	0	0	0	0	0	0	0	0	0	0	0	0	0	0	0	0	0	0	0
"Providencia"	0	0	0	0	0	0	0	0	0	0	0	0	0	0	0	0	0	0	0	0	0	0	0	0	0	0	0	0	0	0	0	0	0	0	0	0	0	0	0	0	0	0	0	0	0	0	0	0	0	0	0	0	0	0	0	0	0	0	0	0	0	0	0	0	0	0	0	0	0	0	0	0	0	0	0	0	0	0	0	0	0	0	0	0	0	0	0	16	0	0	0	0	0	0	0	0
"Pseudomonas"	16	86	64	334	41	1674	41	596	70	1761	237	7580	100	344	37	820	45	308	80	339	165	396	26	434	12	429	23	151	0	223	33	4362	24	96	32	149	20	791	44	420	57	599	49	410	61	140	45	244	60	1580	129	1038	124	722	17	132	10	81	0	155	0	633	0	189	35	163	11	584	36	383	0	2468	0	89	0	45	10	343	0	67	5	0	8	288	0	26	15	258	0	391	0	895	0	368	0	797
"Pseudonocardia"	27	24	30	15	14	0	66	182	67	87	115	111	67	95	82	63	58	108	78	115	137	63	15	12	12	0	12	10	0	0	22	0	27	13	0	18	16	19	43	85	104	145	96	66	53	62	57	72	69	73	59	117	80	87	13	32	16	32	8	18	0	34	13	15	39	0	7	0	12	0	0	12	0	0	0	32	0	11	13	0	16	0	27	34	12	37	0	22	0	0	16	11	10	11	16	7
"Pseudoxanthomonas"	0	0	0	0	0	0	0	0	0	50	0	0	0	75	0	0	0	0	0	0	0	0	0	0	0	0	0	0	0	0	0	0	0	0	0	0	0	0	0	0	0	0	0	0	0	62	0	0	0	0	0	0	0	0	0	0	0	0	0	0	0	0	0	0	0	0	0	0	0	0	0	0	0	62	0	0	0	0	0	0	0	0	0	0	0	0	21	0	0	0	0	0	0	0	0	0
"Ralstonia"	0	13	0	16	0	40	7	21019	22	1164	25	1130	29	160	18	992	19	142	23	144	37	3025	0	0	0	0	0	0	0	0	0	28	0	19	0	37	0	136	10	1575	22	926	13	198	23	394	5	792	12	3283	14	602	16	2846	0	14	0	46	0	6	0	7	0	15	0	1129	0	4643	0	1247	0	8	0	0	0	16	0	6	0	0	0	0	0	0	0	13	0	4728	0	2290	0	727	0	3568	0	687
"Ramlibacter"	43	47	20	0	0	0	25	59	35	77	72	78	18	34	27	51	33	38	24	98	38	88	21	17	9	33	0	17	0	43	11	0	0	48	21	15	0	30	0	56	98	81	0	70	31	27	24	54	47	54	35	77	21	49	24	19	0	22	0	13	0	37	21	31	33	0	0	0	0	24	0	14	0	0	0	12	0	24	0	34	0	16	0	7	0	12	0	60	0	57	0	13	0	31	25	0
"Rheinheimera"	0	0	0	0	0	10	0	0	0	0	0	0	0	0	0	0	0	0	0	0	0	0	0	0	0	0	0	0	0	0	0	0	0	0	0	0	0	0	0	0	0	0	0	0	0	0	0	0	0	0	0	0	0	0	0	0	0	0	0	0	0	0	0	0	0	0	0	0	0	0	0	0	0	0	0	0	0	0	0	0	0	0	0	0	0	0	0	0	0	0	0	0	0	0	0	0
"Rhizobium"	0	421	0	561	5	595	17	131	0	176	11	115	21	241	23	180	10	392	18	431	33	573	5	377	10	362	0	358	22	659	0	138	8	764	0	122	0	311	0	214	9	159	0	155	3	129	18	794	17	597	15	720	18	665	0	556	0	245	0	471	0	629	0	834	0	141	0	201	0	708	0	37	0	23	0	109	0	101	0	368	0	188	0	261	0	67	0	1955	0	3333	0	1440	0	3426	0	942
"Rhodobacter"	0	12	0	0	0	6	0	11	0	12	0	14	0	0	0	0	0	0	0	0	0	7	0	0	0	6	0	0	0	0	0	0	0	0	0	0	0	0	0	18	0	5	0	0	0	0	0	0	0	0	0	0	0	0	0	0	0	0	0	0	0	0	0	0	0	0	0	0	0	0	0	0	0	0	0	0	0	0	0	0	0	0	0	0	0	0	4	0	0	0	0	0	0	0	0	0
"Rhodococcus"	0	0	0	0	0	0	0	21	0	62	67	0	0	0	0	0	0	20	0	0	0	15	0	0	13	0	0	0	0	0	0	0	0	0	0	0	0	0	0	0	42	35	0	0	11	33	0	12	0	0	0	0	35	0	0	0	0	0	0	0	0	0	0	0	0	0	0	0	0	0	0	0	0	0	0	0	0	0	0	0	0	0	0	0	28	9	0	0	0	0	0	0	0	19	24	0
"Rhodoplanes"	205	281	288	106	187	181	385	873	449	983	584	415	434	289	381	234	343	251	375	444	889	297	185	146	136	199	145	103	179	117	227	42	202	138	171	293	269	166	380	268	346	435	304	208	258	266	235	313	315	338	301	402	363	361	256	260	150	240	167	155	134	233	233	288	274	62	93	42	222	104	0	29	0	24	0	16	34	21	37	82	74	43	123	59	50	114	135	496	40	552	172	212	125	309	173	207
"Rickettsia"	0	0	0	0	0	0	0	9	0	0	0	0	0	0	0	0	0	0	0	0	0	0	0	0	0	0	0	0	0	0	0	0	0	0	0	0	2	0	0	0	0	0	0	0	0	0	0	0	0	0	0	0	0	0	0	0	0	0	0	0	0	0	0	0	0	0	0	0	0	0	0	0	0	0	0	0	0	0	0	0	0	0	0	0	0	0	0	0	0	0	0	0	0	0	0	0
"Roseomonas"	0	0	0	0	0	0	0	13	0	15	18	0	10	0	0	0	0	0	0	31	19	9	0	0	0	0	0	0	0	0	10	0	0	0	0	0	0	0	0	0	0	0	0	0	0	0	0	0	12	0	7	12	0	0	0	0	0	0	0	0	0	0	0	0	0	0	0	0	0	0	0	0	0	0	0	0	0	0	0	0	0	0	0	0	0	0	0	0	0	0	0	0	0	0	0	0
"Rothia"	0	0	0	0	0	0	0	0	0	0	0	0	0	0	0	0	0	0	0	0	0	0	0	0	0	0	0	0	0	0	0	0	0	0	0	0	0	9	0	0	0	0	0	0	0	0	0	0	0	0	0	0	0	0	0	0	0	0	0	0	0	0	0	0	0	0	0	0	0	0	0	0	0	0	0	0	0	0	0	0	0	0	0	0	0	0	0	0	0	0	0	0	0	0	0	0
"Rubrivivax"	0	42	0	284	0	26	0	316	0	2090	0	482	0	529	16	275	0	249	12	439	25	395	0	44	0	110	0	51	0	15	0	0	0	50	0	43	21	31	0	440	0	825	0	1390	0	187	0	606	0	1169	19	1440	0	946	0	55	16	110	0	31	0	83	0	192	0	0	0	66	0	49	0	106	0	179	0	259	0	85	0	418	0	257	0	290	0	0	0	370	0	238	0	162	0	70	0	141
"Rubrobacter"	0	0	0	2	0	0	0	19	20	18	31	16	8	7	17	0	8	12	10	11	0	3	0	0	0	0	0	0	0	0	0	0	0	0	0	0	0	0	10	8	28	18	13	12	8	9	6	10	10	9	11	4	9	0	0	0	0	0	0	0	0	0	0	0	0	0	0	0	0	0	0	0	0	0	5	0	0	0	0	0	0	3	0	0	0	4	0	0	0	0	0	0	0	0	0	0
"Salinibacterium"	0	5	0	0	0	0	0	22	12	25	0	22	14	15	0	0	0	0	0	0	18	6	0	0	0	0	0	0	0	0	11	0	0	15	0	20	0	0	15	0	37	13	0	0	0	0	0	0	0	0	0	0	27	0	13	0	0	0	24	0	0	0	0	10	11	0	0	0	0	0	0	4	0	0	0	0	0	0	0	0	0	0	0	0	0	0	0	14	0	0	0	0	0	0	0	0
"Sedimentibacter"	0	0	0	0	0	0	0	0	16	0	0	0	0	0	0	0	0	0	0	0	0	0	0	0	0	0	0	0	0	0	0	0	0	0	0	0	0	0	0	0	8	10	0	0	0	0	0	0	0	0	0	0	0	0	0	0	0	0	0	0	0	0	0	0	0	0	0	0	0	0	0	0	0	0	0	0	0	0	0	0	0	0	0	0	0	0	0	0	0	0	0	0	0	0	0	0
"Serratia"	0	0	0	0	0	0	0	0	0	0	0	0	0	0	0	0	0	0	0	0	0	0	0	0	0	0	0	0	0	0	0	0	0	0	0	4	0	0	0	0	0	0	0	0	0	0	0	0	0	0	0	0	0	0	0	0	0	0	0	0	0	0	0	0	0	0	0	0	0	0	0	0	0	0	0	0	0	0	0	0	0	0	0	0	0	0	0	0	0	0	0	0	0	0	0	0
"Shimazuella"	0	0	0	0	19	0	0	11	0	0	0	0	6	0	0	0	5	0	0	0	21	14	0	0	0	0	0	0	0	0	26	0	6	0	0	0	0	0	0	0	9	0	0	0	0	0	0	0	0	10	18	0	23	0	0	0	0	0	0	0	0	0	0	0	0	0	0	0	39	0	0	0	0	0	0	0	0	0	0	0	0	0	0	0	0	0	14	0	0	0	19	0	0	0	9	0
"Shinella"	0	0	0	0	0	17	0	0	0	0	0	0	0	0	0	0	0	0	0	0	0	0	0	0	0	0	0	0	0	0	0	0	0	0	0	0	0	14	0	0	0	0	0	0	0	0	0	0	0	0	0	0	0	0	0	0	0	0	0	0	0	0	0	0	0	0	0	0	0	0	0	0	0	0	0	0	0	0	0	0	0	0	0	0	0	0	0	0	0	0	0	0	0	0	0	0
"Skermanella"	0	0	0	0	0	0	0	30	20	23	24	20	19	8	19	0	14	0	22	12	26	9	0	0	0	0	0	0	0	0	8	0	0	0	0	0	0	0	0	19	35	24	21	17	19	9	14	9	28	0	16	23	28	0	0	0	0	0	0	0	0	0	10	0	0	0	0	0	0	0	0	0	0	0	0	0	0	0	0	0	0	0	0	0	0	0	0	0	0	0	0	0	0	0	0	8
"Solibacillus"	0	0	0	0	0	0	0	13	0	12	0	0	0	0	10	0	0	0	0	0	0	0	0	0	0	0	0	0	0	0	14	0	0	0	0	0	0	0	0	10	22	0	0	0	0	0	0	0	0	0	0	0	0	0	0	0	0	0	0	0	0	0	0	0	0	0	0	0	0	0	0	0	0	0	0	0	0	0	0	0	0	0	0	0	0	0	0	0	0	0	0	0	0	0	0	0
"Sorangium"	0	0	0	0	0	0	0	0	0	0	0	0	0	43	0	0	0	0	0	0	0	0	0	0	0	0	0	0	0	0	0	0	0	0	0	0	0	0	0	0	0	12	0	0	0	0	0	0	0	0	0	0	0	0	0	0	0	0	0	0	0	0	0	0	0	0	0	0	0	0	0	0	0	0	0	0	0	0	0	0	0	0	0	0	0	0	0	0	0	0	0	0	0	0	0	0
"Sphingomonas"	0	51	0	9	0	40	0	0	0	34	0	25	0	39	0	16	0	64	0	34	0	50	0	19	0	36	0	8	0	44	0	3	0	100	0	0	0	23	0	16	0	51	0	19	0	16	0	36	0	75	0	110	0	107	0	11	0	18	0	0	0	17	0	39	0	0	0	0	0	23	0	5	0	0	0	0	0	0	0	0	0	22	0	8	0	0	0	116	0	76	0	26	0	40	0	9
"Sphingopyxis"	0	0	0	0	0	0	0	0	0	14	0	0	0	0	0	0	0	0	0	0	0	0	0	0	0	0	0	0	0	0	0	0	0	0	0	0	0	0	0	0	0	0	0	0	0	0	0	0	0	0	0	0	0	0	0	0	0	0	0	0	0	0	0	0	0	0	0	0	0	0	0	0	0	0	0	0	0	0	0	0	0	0	0	0	0	0	0	0	0	0	0	0	0	0	0	0
"Spirochaeta"	0	0	0	0	0	0	0	0	0	0	0	0	0	0	0	0	0	0	0	0	0	0	0	0	0	0	0	0	0	0	0	0	0	0	0	0	0	0	0	0	0	0	0	0	0	0	0	0	0	0	0	0	7	0	0	0	0	0	0	0	0	0	0	3	0	0	0	0	0	0	0	0	0	0	0	0	0	0	0	0	0	0	0	0	0	0	0	8	0	9	0	0	0	3	0	0
"Sporocytophaga"	0	0	0	0	0	0	0	0	0	0	0	0	0	0	0	0	0	0	0	0	0	0	0	0	0	0	0	0	0	0	0	0	0	0	0	0	0	0	0	0	0	0	0	0	0	0	0	0	0	0	0	0	9	0	0	0	0	0	0	0	0	0	0	0	0	0	0	0	0	0	0	0	0	0	0	0	0	0	0	0	0	0	0	0	0	0	0	0	0	0	0	0	0	0	0	0
"Sporolactobacillus"	0	0	0	0	0	0	0	11	0	0	0	0	0	0	0	0	0	0	0	0	6	0	0	0	0	0	0	0	0	0	0	0	0	0	0	0	0	0	0	0	0	0	0	0	0	0	0	0	0	0	0	0	0	0	0	0	0	0	0	0	0	0	0	0	0	0	0	0	0	0	0	0	0	0	0	0	0	0	0	0	0	0	0	0	0	0	0	0	0	0	0	0	0	0	0	0
"Sporosarcina"	0	0	0	0	0	16	45	55	54	0	46	51	28	42	8	0	0	70	41	33	43	0	0	0	0	0	0	0	0	0	46	0	14	0	33	0	0	0	0	12	0	53	0	0	0	0	56	0	42	57	63	0	58	0	0	0	0	0	0	0	0	0	0	0	0	0	0	0	0	0	0	0	0	0	0	0	0	0	0	0	0	0	0	0	0	0	0	0	0	0	0	0	0	0	0	0
"Staphylococcus"	0	0	0	0	0	0	0	0	0	20	0	0	0	0	0	0	0	0	0	0	0	58	0	0	0	56	0	0	0	0	0	0	0	0	0	0	0	0	0	31	0	27	0	0	0	124	0	0	0	31	0	13	0	0	0	0	0	0	0	8	0	0	0	0	0	0	0	24	0	22	0	0	0	0	0	0	0	0	0	17	0	0	0	0	0	0	0	22	0	0	0	0	0	0	0	0
"Stenotrophomonas"	0	0	0	0	0	105	0	0	0	90	0	840	0	0	0	40	0	0	0	0	0	0	0	0	0	72	0	0	0	0	0	207	0	0	0	0	0	0	0	0	0	48	0	0	0	11	0	0	0	70	0	58	0	12	0	0	0	0	0	0	0	0	0	9	0	0	0	0	0	0	0	0	0	0	0	0	0	0	0	0	0	0	0	0	0	0	0	0	0	0	0	0	0	0	0	45
"Steroidobacter"	34	44	53	12	15	0	99	212	125	285	119	160	112	176	149	195	106	293	107	288	179	112	22	0	0	8	0	0	0	0	10	0	10	13	48	12	8	0	56	180	150	262	114	730	112	138	88	406	146	469	109	813	154	260	0	0	0	0	7	0	0	0	0	34	51	0	0	0	0	6	0	67	0	46	0	29	0	37	36	174	17	169	46	160	29	51	0	11	0	40	0	22	5	12	28	26
"Streptococcus"	0	0	0	0	0	10	0	6	0	0	0	0	0	0	0	7	0	0	0	0	0	0	0	0	0	0	0	0	0	0	0	9	0	0	0	0	0	53	0	0	0	4	0	0	0	0	0	0	0	7	0	0	0	0	0	0	0	14	0	0	0	0	0	0	0	0	0	0	0	0	0	0	0	0	0	0	0	0	0	0	0	0	0	0	0	0	0	0	0	11	0	0	0	0	0	0
"Streptomyces"	60	140	65	381	61	440	45	527	171	4531	146	560	93	593	112	213	93	635	104	975	366	615	63	432	37	335	55	267	38	106	91	64	36	65	49	54	87	471	56	1178	185	4361	148	3292	113	619	116	1458	174	1442	174	1686	214	1552	51	360	34	110	26	110	17	70	66	255	58	137	29	98	37	249	0	149	0	384	0	517	10	278	14	340	17	468	35	726	36	116	27	879	20	634	27	988	29	274	24	307
"Streptosporangium"	0	0	0	0	0	10	11	26	26	19	25	30	0	0	15	12	13	12	23	16	29	0	0	0	0	0	0	0	0	0	0	0	0	0	0	0	0	0	21	10	21	20	21	20	19	0	0	0	24	0	21	16	23	10	6	0	0	11	0	0	5	9	0	9	0	0	0	0	8	0	0	0	0	0	0	0	0	0	0	0	0	0	0	0	0	9	0	10	0	0	0	0	0	0	0	0
"Sulfuritalea"	0	0	0	0	0	0	0	0	9	0	0	0	0	0	0	0	0	0	0	0	0	0	0	0	0	0	0	0	0	0	0	0	0	0	0	0	0	0	0	0	0	0	0	0	0	0	0	0	0	0	0	0	0	0	0	0	0	0	0	0	0	0	0	0	0	0	0	0	0	0	0	0	0	0	0	0	0	0	0	0	0	0	0	0	0	0	0	0	0	0	0	0	0	0	0	0
"Symbiobacterium"	0	0	0	0	0	0	0	6	0	0	0	0	0	0	0	0	0	0	0	0	0	0	0	0	0	0	0	0	0	0	0	0	0	0	0	0	0	0	0	0	0	4	0	0	0	0	0	0	0	0	0	0	0	0	0	0	0	0	0	0	0	0	0	0	0	0	0	0	0	0	0	0	0	0	0	0	0	0	0	0	0	0	0	0	0	0	0	0	0	0	0	0	0	0	0	0
"Syntrophobacter"	0	0	0	0	0	0	0	0	3	0	0	0	0	0	0	0	0	0	0	0	0	0	0	0	0	0	0	0	0	0	0	0	0	0	0	0	0	0	0	0	0	0	0	0	0	0	0	0	0	0	0	0	0	0	0	0	0	0	0	0	0	0	0	0	0	0	0	0	0	0	0	0	0	0	0	0	0	0	0	0	0	0	0	0	0	0	0	0	0	0	0	0	0	0	0	0
"Tepidibacter"	0	6	0	0	0	0	0	20	16	0	12	16	31	0	0	7	0	0	8	12	9	9	0	0	0	0	14	0	0	0	0	0	0	0	0	0	0	0	14	0	17	0	8	0	0	0	0	0	0	0	33	0	0	0	0	0	0	0	0	0	0	0	0	9	0	0	0	0	0	0	0	0	0	0	0	0	0	0	0	8	0	0	0	0	13	0	0	0	0	0	0	0	0	0	0	0
"Tepidimonas"	0	0	0	0	0	11	0	0	0	0	0	0	0	0	0	0	0	0	0	0	0	0	0	0	0	0	0	0	0	0	0	0	0	0	0	0	0	0	0	0	0	0	0	0	0	0	0	0	0	0	0	0	0	0	0	0	0	0	0	0	0	0	0	0	0	0	0	0	0	0	0	0	0	0	0	0	0	0	0	0	0	0	0	0	0	0	0	0	0	0	0	0	0	0	0	0
"Terracoccus"	31	17	19	0	11	12	36	59	22	27	52	65	45	53	53	85	56	68	62	120	122	88	23	21	20	47	21	28	14	18	30	20	19	22	0	27	11	30	33	55	34	47	29	50	40	35	28	84	52	67	70	89	55	73	28	55	21	39	0	27	0	22	26	51	42	0	18	0	14	16	0	10	0	0	0	0	0	25	0	49	13	20	27	35	18	55	18	73	14	57	18	34	20	36	0	32
"Thermomonas"	0	6	0	0	0	0	0	52	0	19	0	16	0	0	0	0	0	0	0	0	0	0	0	0	0	0	0	0	0	0	0	0	0	0	0	7	0	0	0	31	0	73	0	0	0	0	0	0	0	0	0	0	0	0	0	0	0	0	0	0	0	0	0	0	0	0	0	0	0	0	0	0	0	0	0	0	0	0	0	0	0	0	0	0	0	0	0	0	0	0	0	0	0	0	0	0
"Thiobacillus"	0	35	0	26	0	30	0	12	13	0	18	16	0	0	0	0	0	0	0	0	0	0	0	46	0	93	18	14	0	37	0	23	0	53	0	53	0	32	0	13	0	0	0	16	0	0	0	0	0	0	0	0	0	0	0	22	0	21	0	11	20	58	0	26	0	9	0	18	0	0	0	0	0	0	0	0	0	0	0	0	0	0	0	0	0	0	0	66	0	47	0	25	0	69	0	0
"Truepera"	0	0	0	0	0	0	0	0	0	0	0	0	0	0	0	0	0	0	0	0	0	0	0	0	0	5	0	0	0	0	0	0	0	0	0	0	0	0	0	0	0	0	0	0	0	0	0	0	0	0	0	0	0	0	0	0	0	0	0	0	0	0	0	0	0	0	0	0	0	0	0	0	0	0	0	0	0	0	0	0	0	0	0	0	0	0	0	0	0	0	0	0	0	0	0	0
"Turicibacter"	0	0	0	0	0	0	0	0	0	0	0	0	0	0	0	0	0	0	0	0	0	0	0	0	0	0	0	0	0	0	0	0	0	0	0	0	0	0	0	0	0	0	0	0	0	0	0	0	0	0	0	0	0	0	0	0	0	0	0	0	0	0	0	0	2	0	0	0	0	0	0	0	0	0	0	0	0	0	0	0	0	0	0	0	0	0	0	0	0	0	0	0	0	0	0	0
"Uliginosibacterium"	0	0	0	7	0	0	0	9	0	75	0	0	0	6	0	18	0	0	8	21	7	7	0	0	0	36	0	0	0	0	0	0	0	0	0	0	0	0	0	63	0	30	0	8	0	0	0	4	0	13	0	60	0	34	0	0	0	0	0	14	0	2	0	0	10	0	0	0	0	0	0	0	0	0	0	0	0	0	0	4	0	8	0	8	0	0	0	4	0	0	0	5	0	10	0	0
"Variovorax"	0	0	0	0	0	0	0	0	0	0	0	0	0	0	0	0	0	0	0	0	0	0	0	0	0	0	0	0	0	0	0	0	0	0	0	0	0	0	0	0	0	20	0	0	0	0	0	0	0	0	0	0	0	0	0	0	0	0	0	0	0	0	0	0	0	0	0	0	0	0	0	0	0	0	0	0	0	0	0	0	0	0	0	0	0	0	0	0	0	0	0	0	0	15	0	0
"Virgibacillus"	0	0	0	0	0	0	0	0	0	0	0	8	0	0	0	0	0	0	0	0	0	0	0	0	0	0	0	0	0	0	0	0	0	0	0	0	0	0	0	0	0	8	0	0	0	0	0	0	0	0	0	0	0	0	0	0	0	0	0	0	0	0	0	0	0	0	0	0	0	0	0	0	0	0	0	0	0	0	0	0	0	0	0	0	0	0	0	13	0	0	0	0	0	0	0	0
"Vogesella"	0	0	0	0	0	0	0	0	0	0	0	0	0	0	0	0	0	0	0	0	0	0	0	0	0	0	0	0	0	0	0	0	0	0	0	0	0	0	0	0	0	0	0	0	0	0	0	0	0	0	0	0	0	81	0	0	0	0	0	0	0	0	0	0	0	3	0	16	0	0	0	0	0	0	0	0	0	0	0	0	0	0	0	0	0	0	0	22	0	0	0	0	0	0	0	0
"WCHB1-84"	0	0	0	0	0	0	0	0	0	0	0	0	0	0	0	0	0	0	0	0	0	0	0	0	0	0	0	0	0	0	0	0	0	0	0	0	0	0	0	0	0	0	0	0	0	0	0	0	0	0	0	0	0	0	0	0	14	0	0	0	0	0	0	0	0	0	0	0	0	0	0	0	0	0	0	0	0	0	0	0	0	0	0	0	0	0	0	0	0	0	0	0	0	0	0	0
"Williamsia"	6	8	9	0	0	0	0	0	0	0	0	25	0	0	23	0	0	10	25	22	23	0	0	0	0	0	10	0	0	0	0	0	9	0	0	0	0	5	0	0	0	8	0	0	0	0	0	0	11	0	25	0	0	0	0	0	0	0	0	0	0	0	5	6	0	11	0	0	0	0	0	0	0	0	0	0	0	0	0	0	0	0	0	0	0	0	0	0	0	0	0	0	0	0	0	7
"Yonghaparkia"	0	0	0	0	0	0	0	0	0	0	0	0	0	0	0	0	0	0	0	0	0	0	0	0	0	0	0	0	0	0	0	0	0	0	0	0	0	0	0	0	0	0	0	0	0	0	0	0	0	0	0	0	0	0	0	15	0	0	0	0	0	0	0	8	0	4	0	0	0	0	0	0	0	0	0	0	0	0	0	0	0	0	0	0	0	0	0	0	0	0	0	0	0	0	0	10
